0,1,2,3,4,5,6,7,8,9,10,11,Vazao
1705454652,2024-01-16 22:24:12, gateway,'No Hostname',rj-lanrj.bkb.rnp.br,csp1-crj1-furnas.bkb.rnp.br,'No Hostname',csc1-cpr1-eltsul.bkb.rnp.br,udesc-csc1.bkb.rnp.br,popsc-3214-sw92-rt12.bb.pop-sc.rnp.br,monipe-sc-atraso.rnp.br,,9277254358.0
1705496050,2024-01-17 09:54:10, gateway,'No Hostname',rj-lanrj.bkb.rnp.br,csp1-crj1-furnas.bkb.rnp.br,'No Hostname',csc1-cpr1-eltsul.bkb.rnp.br,udesc-csc1.bkb.rnp.br,popsc-3214-sw92-rt12.bb.pop-sc.rnp.br,monipe-sc-atraso.rnp.br,,5737236916.0
1705527046,2024-01-17 18:30:46, gateway,'No Hostname',rj-lanrj.bkb.rnp.br,csp1-crj1-furnas.bkb.rnp.br,'No Hostname',csc1-cpr1-eltsul.bkb.rnp.br,udesc-csc1.bkb.rnp.br,popsc-3214-sw92-rt12.bb.pop-sc.rnp.br,monipe-sc-atraso.rnp.br,,8699264733.0
1705544505,2024-01-17 23:21:45, gateway,'No Hostname',rj-lanrj.bkb.rnp.br,csp1-crj1-furnas.bkb.rnp.br,'No Hostname',csc1-cpr1-eltsul.bkb.rnp.br,udesc-csc1.bkb.rnp.br,popsc-3214-sw92-rt12.bb.pop-sc.rnp.br,monipe-sc-atraso.rnp.br,,4910201895.0
1705584647,2024-01-18 10:30:47, gateway,'No Hostname',rj-lanrj.bkb.rnp.br,csp1-crj1-furnas.bkb.rnp.br,'No Hostname',csc1-cpr1-eltsul.bkb.rnp.br,udesc-csc1.bkb.rnp.br,popsc-3214-sw92-rt12.bb.pop-sc.rnp.br,monipe-sc-atraso.rnp.br,,9200111546.0
1705608286,2024-01-18 17:04:46, gateway,'No Hostname',rj-lanrj.bkb.rnp.br,csp1-crj1-furnas.bkb.rnp.br,'No Hostname',csc1-cpr1-eltsul.bkb.rnp.br,udesc-csc1.bkb.rnp.br,popsc-3214-sw92-rt12.bb.pop-sc.rnp.br,monipe-sc-atraso.rnp.br,,6057474140.0
1705632534,2024-01-18 23:48:54, gateway,'No Hostname',rj-lanrj.bkb.rnp.br,csp1-crj1-furnas.bkb.rnp.br,'No Hostname',csc1-cpr1-eltsul.bkb.rnp.br,udesc-csc1.bkb.rnp.br,popsc-3214-sw92-rt12.bb.pop-sc.rnp.br,monipe-sc-atraso.rnp.br,,9670603095.0
1705711306,2024-01-19 21:41:46, gateway,'No Hostname',rj-lanrj.bkb.rnp.br,csp1-crj1-furnas.bkb.rnp.br,'No Hostname',csc1-cpr1-eltsul.bkb.rnp.br,udesc-csc1.bkb.rnp.br,popsc-3214-sw92-rt12.bb.pop-sc.rnp.br,monipe-sc-atraso.rnp.br,,9090035483.0
1705738506,2024-01-20 05:15:06, gateway,'No Hostname',rj-lanrj.bkb.rnp.br,csp1-crj1-furnas.bkb.rnp.br,'No Hostname',csc1-cpr1-eltsul.bkb.rnp.br,udesc-csc1.bkb.rnp.br,popsc-3214-sw92-rt12.bb.pop-sc.rnp.br,monipe-sc-atraso.rnp.br,,9829629786.0
1705750997,2024-01-20 08:43:17, gateway,'No Hostname',rj-lanrj.bkb.rnp.br,csp1-crj1-furnas.bkb.rnp.br,'No Hostname',csc1-cpr1-eltsul.bkb.rnp.br,udesc-csc1.bkb.rnp.br,popsc-3214-sw92-rt12.bb.pop-sc.rnp.br,monipe-sc-atraso.rnp.br,,9463305844.0
1705772533,2024-01-20 14:42:13, gateway,'No Hostname',rj-lanrj.bkb.rnp.br,csp1-crj1-furnas.bkb.rnp.br,'No Hostname',csc1-cpr1-eltsul.bkb.rnp.br,udesc-csc1.bkb.rnp.br,popsc-3214-sw92-rt12.bb.pop-sc.rnp.br,monipe-sc-atraso.rnp.br,,9421815295.0
1705784689,2024-01-20 18:04:49, gateway,'No Hostname',rj-lanrj.bkb.rnp.br,csp1-crj1-furnas.bkb.rnp.br,'No Hostname',csc1-cpr1-eltsul.bkb.rnp.br,udesc-csc1.bkb.rnp.br,popsc-3214-sw92-rt12.bb.pop-sc.rnp.br,monipe-sc-atraso.rnp.br,,9672378629.0
1705793860,2024-01-20 20:37:40, gateway,'No Hostname',rj-lanrj.bkb.rnp.br,csp1-crj1-furnas.bkb.rnp.br,'No Hostname',csc1-cpr1-eltsul.bkb.rnp.br,udesc-csc1.bkb.rnp.br,popsc-3214-sw92-rt12.bb.pop-sc.rnp.br,monipe-sc-atraso.rnp.br,,9117994274.0
1705804216,2024-01-20 23:30:16, gateway,'No Hostname',rj-lanrj.bkb.rnp.br,csp1-crj1-furnas.bkb.rnp.br,'No Hostname',csc1-cpr1-eltsul.bkb.rnp.br,udesc-csc1.bkb.rnp.br,popsc-3214-sw92-rt12.bb.pop-sc.rnp.br,monipe-sc-atraso.rnp.br,,7196448587.0
1705879341,2024-01-21 20:22:21, gateway,'No Hostname',rj-lanrj.bkb.rnp.br,csp1-crj1-furnas.bkb.rnp.br,'No Hostname',csc1-cpr1-eltsul.bkb.rnp.br,udesc-csc1.bkb.rnp.br,popsc-3214-sw92-rt12.bb.pop-sc.rnp.br,monipe-sc-atraso.rnp.br,,4507544246.0
1705918967,2024-01-22 07:22:47, gateway,'No Hostname',rj-lanrj.bkb.rnp.br,csp1-crj1-furnas.bkb.rnp.br,'No Hostname',csc1-cpr1-eltsul.bkb.rnp.br,udesc-csc1.bkb.rnp.br,popsc-3214-sw92-rt12.bb.pop-sc.rnp.br,monipe-sc-atraso.rnp.br,,9437926969.0
1705943540,2024-01-22 14:12:20, gateway,'No Hostname',rj-lanrj.bkb.rnp.br,csp1-crj1-furnas.bkb.rnp.br,'No Hostname',csc1-cpr1-eltsul.bkb.rnp.br,udesc-csc1.bkb.rnp.br,popsc-3214-sw92-rt12.bb.pop-sc.rnp.br,monipe-sc-atraso.rnp.br,,9563706649.0
1705962543,2024-01-22 19:29:03, gateway,'No Hostname',rj-lanrj.bkb.rnp.br,csp1-crj1-furnas.bkb.rnp.br,csp2-sp2.bkb.rnp.br,cpr1-csp2-tlb.bkb.rnp.br,csc1-cpr1-eltsul.bkb.rnp.br,udesc-csc1.bkb.rnp.br,popsc-3214-sw92-rt12.bb.pop-sc.rnp.br,monipe-sc-atraso.rnp.br,9574039215.0
1705996165,2024-01-23 04:49:25, gateway,'No Hostname',rj-lanrj.bkb.rnp.br,csp1-crj1-furnas.bkb.rnp.br,'No Hostname',csc1-cpr1-eltsul.bkb.rnp.br,udesc-csc1.bkb.rnp.br,popsc-3214-sw92-rt12.bb.pop-sc.rnp.br,monipe-sc-atraso.rnp.br,,4191583780.0
1706031881,2024-01-23 14:44:41, gateway,'No Hostname',rj-lanrj.bkb.rnp.br,csp1-crj1-furnas.bkb.rnp.br,'No Hostname',csc1-cpr1-eltsul.bkb.rnp.br,udesc-csc1.bkb.rnp.br,popsc-3214-sw92-rt12.bb.pop-sc.rnp.br,monipe-sc-atraso.rnp.br,,9214745648.0
1706037459,2024-01-23 16:17:39, gateway,'No Hostname',rj-lanrj.bkb.rnp.br,csp1-crj1-furnas.bkb.rnp.br,'No Hostname',csc1-cpr1-eltsul.bkb.rnp.br,udesc-csc1.bkb.rnp.br,popsc-3214-sw92-rt12.bb.pop-sc.rnp.br,monipe-sc-atraso.rnp.br,,9126590769.0
1706062392,2024-01-23 23:13:12, gateway,'No Hostname',rj-lanrj.bkb.rnp.br,csp1-crj1-furnas.bkb.rnp.br,'No Hostname',csc1-cpr1-eltsul.bkb.rnp.br,udesc-csc1.bkb.rnp.br,popsc-3214-sw92-rt12.bb.pop-sc.rnp.br,monipe-sc-atraso.rnp.br,,9335161289.0
1706104777,2024-01-24 10:59:37, gateway,'No Hostname',rj-lanrj.bkb.rnp.br,csp1-crj1-furnas.bkb.rnp.br,'No Hostname',csc1-cpr1-eltsul.bkb.rnp.br,udesc-csc1.bkb.rnp.br,popsc-3214-sw92-rt12.bb.pop-sc.rnp.br,monipe-sc-atraso.rnp.br,,6548267722.0
1706122970,2024-01-24 16:02:50, gateway,'No Hostname',rj-lanrj.bkb.rnp.br,csp1-crj1-furnas.bkb.rnp.br,'No Hostname',csc1-cpr1-eltsul.bkb.rnp.br,udesc-csc1.bkb.rnp.br,popsc-3214-sw92-rt12.bb.pop-sc.rnp.br,monipe-sc-atraso.rnp.br,,9294721559.0
1706168611,2024-01-25 04:43:31, gateway,'No Hostname',rj-lanrj.bkb.rnp.br,csp1-crj1-furnas.bkb.rnp.br,'No Hostname',csc1-cpr1-eltsul.bkb.rnp.br,udesc-csc1.bkb.rnp.br,popsc-3214-sw92-rt12.bb.pop-sc.rnp.br,monipe-sc-atraso.rnp.br,,7414749745.0
1706183611,2024-01-25 08:53:31, gateway,'No Hostname',rj-lanrj.bkb.rnp.br,csp1-crj1-furnas.bkb.rnp.br,'No Hostname',csc1-cpr1-eltsul.bkb.rnp.br,udesc-csc1.bkb.rnp.br,popsc-3214-sw92-rt12.bb.pop-sc.rnp.br,monipe-sc-atraso.rnp.br,,9339981004.0
1706215702,2024-01-25 17:48:22, gateway,'No Hostname',rj-lanrj.bkb.rnp.br,csp1-crj1-furnas.bkb.rnp.br,'No Hostname',csc1-cpr1-eltsul.bkb.rnp.br,udesc-csc1.bkb.rnp.br,popsc-3214-sw92-rt12.bb.pop-sc.rnp.br,monipe-sc-atraso.rnp.br,,9212610343.0
1706280041,2024-01-26 11:40:41, gateway,'No Hostname',rj-lanrj.bkb.rnp.br,csp1-crj1-furnas.bkb.rnp.br,'No Hostname',csc1-cpr1-eltsul.bkb.rnp.br,udesc-csc1.bkb.rnp.br,popsc-3214-sw92-rt12.bb.pop-sc.rnp.br,monipe-sc-atraso.rnp.br,,3870453818.0
1706339955,2024-01-27 04:19:15, gateway,'No Hostname',rj-lanrj.bkb.rnp.br,csp1-crj1-furnas.bkb.rnp.br,'No Hostname',csc1-cpr1-eltsul.bkb.rnp.br,udesc-csc1.bkb.rnp.br,popsc-3214-sw92-rt12.bb.pop-sc.rnp.br,monipe-sc-atraso.rnp.br,,3948744480.0
1706386832,2024-01-27 17:20:32, gateway,'No Hostname',rj-lanrj.bkb.rnp.br,csp1-crj1-furnas.bkb.rnp.br,'No Hostname',csc1-cpr1-eltsul.bkb.rnp.br,udesc-csc1.bkb.rnp.br,popsc-3214-sw92-rt12.bb.pop-sc.rnp.br,monipe-sc-atraso.rnp.br,,5510570289.0
1706440854,2024-01-28 08:20:54, gateway,'No Hostname',rj-lanrj.bkb.rnp.br,csp1-crj1-furnas.bkb.rnp.br,'No Hostname',csc1-cpr1-eltsul.bkb.rnp.br,udesc-csc1.bkb.rnp.br,popsc-3214-sw92-rt12.bb.pop-sc.rnp.br,monipe-sc-atraso.rnp.br,,3370810063.0
1706456431,2024-01-28 12:40:31, gateway,'No Hostname',rj-lanrj.bkb.rnp.br,csp1-crj1-furnas.bkb.rnp.br,'No Hostname',csc1-cpr1-eltsul.bkb.rnp.br,udesc-csc1.bkb.rnp.br,popsc-3214-sw92-rt12.bb.pop-sc.rnp.br,monipe-sc-atraso.rnp.br,,9456757437.0
1706476160,2024-01-28 18:09:20, gateway,'No Hostname',rj-lanrj.bkb.rnp.br,csp1-crj1-furnas.bkb.rnp.br,'No Hostname',csc1-cpr1-eltsul.bkb.rnp.br,udesc-csc1.bkb.rnp.br,popsc-3214-sw92-rt12.bb.pop-sc.rnp.br,monipe-sc-atraso.rnp.br,,9418798445.0
1706491709,2024-01-28 22:28:29, gateway,'No Hostname',rj-lanrj.bkb.rnp.br,csp1-crj1-furnas.bkb.rnp.br,'No Hostname',csc1-cpr1-eltsul.bkb.rnp.br,udesc-csc1.bkb.rnp.br,popsc-3214-sw92-rt12.bb.pop-sc.rnp.br,monipe-sc-atraso.rnp.br,,6787332181.0
1706519020,2024-01-29 06:03:40, gateway,'No Hostname',rj-lanrj.bkb.rnp.br,csp1-crj1-furnas.bkb.rnp.br,'No Hostname',csc1-cpr1-eltsul.bkb.rnp.br,udesc-csc1.bkb.rnp.br,popsc-3214-sw92-rt12.bb.pop-sc.rnp.br,monipe-sc-atraso.rnp.br,,8253250456.0
1706525975,2024-01-29 07:59:35, gateway,'No Hostname',rj-lanrj.bkb.rnp.br,csp1-crj1-furnas.bkb.rnp.br,'No Hostname',csc1-cpr1-eltsul.bkb.rnp.br,udesc-csc1.bkb.rnp.br,popsc-3214-sw92-rt12.bb.pop-sc.rnp.br,monipe-sc-atraso.rnp.br,,2646103367.0
1706552668,2024-01-29 15:24:28, gateway,'No Hostname',rj-lanrj.bkb.rnp.br,csp1-crj1-furnas.bkb.rnp.br,'No Hostname',csc1-cpr1-eltsul.bkb.rnp.br,udesc-csc1.bkb.rnp.br,popsc-3214-sw92-rt12.bb.pop-sc.rnp.br,monipe-sc-atraso.rnp.br,,8949390024.0
1706556092,2024-01-29 16:21:32, gateway,'No Hostname',rj-lanrj.bkb.rnp.br,csp1-crj1-furnas.bkb.rnp.br,'No Hostname',csc1-cpr1-eltsul.bkb.rnp.br,udesc-csc1.bkb.rnp.br,popsc-3214-sw92-rt12.bb.pop-sc.rnp.br,monipe-sc-atraso.rnp.br,,9291960405.0
1706578653,2024-01-29 22:37:33, gateway,'No Hostname',rj-lanrj.bkb.rnp.br,csp1-crj1-furnas.bkb.rnp.br,'No Hostname',csc1-cpr1-eltsul.bkb.rnp.br,udesc-csc1.bkb.rnp.br,popsc-3214-sw92-rt12.bb.pop-sc.rnp.br,monipe-sc-atraso.rnp.br,,9346821517.0
1706650362,2024-01-30 18:32:42, gateway,'No Hostname',rj-lanrj.bkb.rnp.br,csp1-crj1-furnas.bkb.rnp.br,'No Hostname',csc1-cpr1-eltsul.bkb.rnp.br,udesc-csc1.bkb.rnp.br,popsc-3214-sw92-rt12.bb.pop-sc.rnp.br,monipe-sc-atraso.rnp.br,,6132959412.0
1706710155,2024-01-31 11:09:15, gateway,'No Hostname',rj-lanrj.bkb.rnp.br,csp1-crj1-furnas.bkb.rnp.br,'No Hostname',csc1-cpr1-eltsul.bkb.rnp.br,udesc-csc1.bkb.rnp.br,popsc-3214-sw92-rt12.bb.pop-sc.rnp.br,monipe-sc-atraso.rnp.br,,9308520466.0
1706736104,2024-01-31 18:21:44, gateway,'No Hostname',rj-lanrj.bkb.rnp.br,csp1-crj1-furnas.bkb.rnp.br,'No Hostname',csc1-cpr1-eltsul.bkb.rnp.br,udesc-csc1.bkb.rnp.br,popsc-3214-sw92-rt12.bb.pop-sc.rnp.br,monipe-sc-atraso.rnp.br,,9186961548.0
1706742001,2024-01-31 20:00:01, gateway,'No Hostname',rj-lanrj.bkb.rnp.br,csp1-crj1-furnas.bkb.rnp.br,'No Hostname',csc1-cpr1-eltsul.bkb.rnp.br,udesc-csc1.bkb.rnp.br,popsc-3214-sw92-rt12.bb.pop-sc.rnp.br,monipe-sc-atraso.rnp.br,,7427957635.0
1706790034,2024-02-01 09:20:34, gateway,'No Hostname',rj-lanrj.bkb.rnp.br,csp1-crj1-furnas.bkb.rnp.br,'No Hostname',csc1-cpr1-eltsul.bkb.rnp.br,udesc-csc1.bkb.rnp.br,popsc-3214-sw92-rt12.bb.pop-sc.rnp.br,monipe-sc-atraso.rnp.br,,6836254940.0
1706825889,2024-02-01 19:18:09, gateway,'No Hostname',rj-lanrj.bkb.rnp.br,csp1-crj1-furnas.bkb.rnp.br,'No Hostname',csc1-cpr1-eltsul.bkb.rnp.br,udesc-csc1.bkb.rnp.br,popsc-3214-sw92-rt12.bb.pop-sc.rnp.br,monipe-sc-atraso.rnp.br,,9310169499.0
1706826528,2024-02-01 19:28:48, gateway,'No Hostname',rj-lanrj.bkb.rnp.br,csp1-crj1-furnas.bkb.rnp.br,'No Hostname',csc1-cpr1-eltsul.bkb.rnp.br,udesc-csc1.bkb.rnp.br,popsc-3214-sw92-rt12.bb.pop-sc.rnp.br,monipe-sc-atraso.rnp.br,,7542445266.0
1706881243,2024-02-02 10:40:43, gateway,'No Hostname',rj-lanrj.bkb.rnp.br,csp1-crj1-furnas.bkb.rnp.br,'No Hostname',csc1-cpr1-eltsul.bkb.rnp.br,udesc-csc1.bkb.rnp.br,popsc-3214-sw92-rt12.bb.pop-sc.rnp.br,monipe-sc-atraso.rnp.br,,5399709659.0
1706898026,2024-02-02 15:20:26, gateway,'No Hostname',rj-lanrj.bkb.rnp.br,csp1-crj1-furnas.bkb.rnp.br,'No Hostname',csc1-cpr1-eltsul.bkb.rnp.br,udesc-csc1.bkb.rnp.br,popsc-3214-sw92-rt12.bb.pop-sc.rnp.br,monipe-sc-atraso.rnp.br,,9414485624.0
1706918157,2024-02-02 20:55:57, gateway,'No Hostname',rj-lanrj.bkb.rnp.br,csp1-crj1-furnas.bkb.rnp.br,'No Hostname',csc1-cpr1-eltsul.bkb.rnp.br,udesc-csc1.bkb.rnp.br,popsc-3214-sw92-rt12.bb.pop-sc.rnp.br,monipe-sc-atraso.rnp.br,,9027046658.0
1706964174,2024-02-03 09:42:54, gateway,'No Hostname',rj-lanrj.bkb.rnp.br,csp1-crj1-furnas.bkb.rnp.br,'No Hostname',csc1-cpr1-eltsul.bkb.rnp.br,udesc-csc1.bkb.rnp.br,popsc-3214-sw92-rt12.bb.pop-sc.rnp.br,monipe-sc-atraso.rnp.br,,6306911774.0
1706985615,2024-02-03 15:40:15, gateway,'No Hostname',rj-lanrj.bkb.rnp.br,csp1-crj1-furnas.bkb.rnp.br,'No Hostname',csc1-cpr1-eltsul.bkb.rnp.br,udesc-csc1.bkb.rnp.br,popsc-3214-sw92-rt12.bb.pop-sc.rnp.br,monipe-sc-atraso.rnp.br,,5999367356.0
1706999480,2024-02-03 19:31:20, gateway,'No Hostname',rj-lanrj.bkb.rnp.br,csp1-crj1-furnas.bkb.rnp.br,'No Hostname',csc1-cpr1-eltsul.bkb.rnp.br,udesc-csc1.bkb.rnp.br,popsc-3214-sw92-rt12.bb.pop-sc.rnp.br,monipe-sc-atraso.rnp.br,,9808262341.0
1707038275,2024-02-04 06:17:55, gateway,'No Hostname',rj-lanrj.bkb.rnp.br,csp1-crj1-furnas.bkb.rnp.br,'No Hostname',csc1-cpr1-eltsul.bkb.rnp.br,udesc-csc1.bkb.rnp.br,popsc-3214-sw92-rt12.bb.pop-sc.rnp.br,monipe-sc-atraso.rnp.br,,9671946225.0
1707050362,2024-02-04 09:39:22, gateway,'No Hostname',rj-lanrj.bkb.rnp.br,csp1-crj1-furnas.bkb.rnp.br,'No Hostname',csc1-cpr1-eltsul.bkb.rnp.br,udesc-csc1.bkb.rnp.br,popsc-3214-sw92-rt12.bb.pop-sc.rnp.br,monipe-sc-atraso.rnp.br,,6048668207.0
1707066129,2024-02-04 14:02:09, gateway,'No Hostname',rj-lanrj.bkb.rnp.br,csp1-crj1-furnas.bkb.rnp.br,'No Hostname',csc1-cpr1-eltsul.bkb.rnp.br,udesc-csc1.bkb.rnp.br,popsc-3214-sw92-rt12.bb.pop-sc.rnp.br,monipe-sc-atraso.rnp.br,,1552051706.0
1707075293,2024-02-04 16:34:53, gateway,'No Hostname',rj-lanrj.bkb.rnp.br,csp1-crj1-furnas.bkb.rnp.br,'No Hostname',csc1-cpr1-eltsul.bkb.rnp.br,udesc-csc1.bkb.rnp.br,popsc-3214-sw92-rt12.bb.pop-sc.rnp.br,monipe-sc-atraso.rnp.br,,9470124438.0
1707120084,2024-02-05 05:01:24, gateway,'No Hostname',rj-lanrj.bkb.rnp.br,csp1-crj1-furnas.bkb.rnp.br,'No Hostname',csc1-cpr1-eltsul.bkb.rnp.br,udesc-csc1.bkb.rnp.br,popsc-3214-sw92-rt12.bb.pop-sc.rnp.br,monipe-sc-atraso.rnp.br,,9228178520.0
1707158579,2024-02-05 15:42:59, gateway,'No Hostname',rj-lanrj.bkb.rnp.br,csp1-crj1-furnas.bkb.rnp.br,'No Hostname',csc1-cpr1-eltsul.bkb.rnp.br,udesc-csc1.bkb.rnp.br,popsc-3214-sw92-rt12.bb.pop-sc.rnp.br,monipe-sc-atraso.rnp.br,,8770502448.0
1707256296,2024-02-06 18:51:36, gateway,'No Hostname',rj-lanrj.bkb.rnp.br,csp1-crj1-furnas.bkb.rnp.br,'No Hostname',csc1-cpr1-eltsul.bkb.rnp.br,udesc-csc1.bkb.rnp.br,popsc-3214-sw92-rt12.bb.pop-sc.rnp.br,monipe-sc-atraso.rnp.br,,9632944540.0
1707269961,2024-02-06 22:39:21, gateway,'No Hostname',rj-lanrj.bkb.rnp.br,csp1-crj1-furnas.bkb.rnp.br,'No Hostname',csc1-cpr1-eltsul.bkb.rnp.br,udesc-csc1.bkb.rnp.br,popsc-3214-sw92-rt12.bb.pop-sc.rnp.br,monipe-sc-atraso.rnp.br,,9451481966.0
1707319438,2024-02-07 12:23:58, gateway,'No Hostname',rj-lanrj.bkb.rnp.br,csp1-crj1-furnas.bkb.rnp.br,'No Hostname',csc1-cpr1-eltsul.bkb.rnp.br,udesc-csc1.bkb.rnp.br,popsc-3214-sw92-rt12.bb.pop-sc.rnp.br,monipe-sc-atraso.rnp.br,,5705576141.0
1707338294,2024-02-07 17:38:14, gateway,'No Hostname',rj-lanrj.bkb.rnp.br,csp1-crj1-furnas.bkb.rnp.br,'No Hostname',csc1-cpr1-eltsul.bkb.rnp.br,udesc-csc1.bkb.rnp.br,popsc-3214-sw92-rt12.bb.pop-sc.rnp.br,monipe-sc-atraso.rnp.br,,9281859742.0
1707349440,2024-02-07 20:44:00, gateway,'No Hostname',rj-lanrj.bkb.rnp.br,csp1-crj1-furnas.bkb.rnp.br,'No Hostname',csc1-cpr1-eltsul.bkb.rnp.br,udesc-csc1.bkb.rnp.br,popsc-3214-sw92-rt12.bb.pop-sc.rnp.br,monipe-sc-atraso.rnp.br,,9362010929.0
1707382905,2024-02-08 06:01:45, gateway,'No Hostname',rj-lanrj.bkb.rnp.br,csp1-crj1-furnas.bkb.rnp.br,'No Hostname',csc1-cpr1-eltsul.bkb.rnp.br,udesc-csc1.bkb.rnp.br,popsc-3214-sw92-rt12.bb.pop-sc.rnp.br,monipe-sc-atraso.rnp.br,,9186974536.0
1707392570,2024-02-08 08:42:50, gateway,'No Hostname',rj-lanrj.bkb.rnp.br,csp1-crj1-furnas.bkb.rnp.br,'No Hostname',csc1-cpr1-eltsul.bkb.rnp.br,udesc-csc1.bkb.rnp.br,popsc-3214-sw92-rt12.bb.pop-sc.rnp.br,monipe-sc-atraso.rnp.br,,9225665159.0
1707423029,2024-02-08 17:10:29, gateway,'No Hostname',rj-lanrj.bkb.rnp.br,csp1-crj1-furnas.bkb.rnp.br,'No Hostname',csc1-cpr1-eltsul.bkb.rnp.br,udesc-csc1.bkb.rnp.br,popsc-3214-sw92-rt12.bb.pop-sc.rnp.br,monipe-sc-atraso.rnp.br,,9087915148.0
1707466881,2024-02-09 05:21:21, gateway,'No Hostname',rj-lanrj.bkb.rnp.br,csp1-crj1-furnas.bkb.rnp.br,'No Hostname',csc1-cpr1-eltsul.bkb.rnp.br,udesc-csc1.bkb.rnp.br,popsc-3214-sw92-rt12.bb.pop-sc.rnp.br,monipe-sc-atraso.rnp.br,,7394505606.0
1707483556,2024-02-09 09:59:16, gateway,'No Hostname',rj-lanrj.bkb.rnp.br,csp1-crj1-furnas.bkb.rnp.br,'No Hostname',csc1-cpr1-eltsul.bkb.rnp.br,udesc-csc1.bkb.rnp.br,popsc-3214-sw92-rt12.bb.pop-sc.rnp.br,monipe-sc-atraso.rnp.br,,9439275016.0
1707489486,2024-02-09 11:38:06, gateway,'No Hostname',rj-lanrj.bkb.rnp.br,csp1-crj1-furnas.bkb.rnp.br,'No Hostname',csc1-cpr1-eltsul.bkb.rnp.br,udesc-csc1.bkb.rnp.br,popsc-3214-sw92-rt12.bb.pop-sc.rnp.br,monipe-sc-atraso.rnp.br,,3846552424.0
1707526395,2024-02-09 21:53:15, gateway,'No Hostname',rj-lanrj.bkb.rnp.br,csp1-crj1-furnas.bkb.rnp.br,'No Hostname',csc1-cpr1-eltsul.bkb.rnp.br,udesc-csc1.bkb.rnp.br,popsc-3214-sw92-rt12.bb.pop-sc.rnp.br,monipe-sc-atraso.rnp.br,,3472522613.0
1707550816,2024-02-10 04:40:16, gateway,'No Hostname',rj-lanrj.bkb.rnp.br,csp1-crj1-furnas.bkb.rnp.br,'No Hostname',csc1-cpr1-eltsul.bkb.rnp.br,udesc-csc1.bkb.rnp.br,popsc-3214-sw92-rt12.bb.pop-sc.rnp.br,monipe-sc-atraso.rnp.br,,8057109560.0
1707607480,2024-02-10 20:24:40, gateway,'No Hostname',rj-lanrj.bkb.rnp.br,csp1-crj1-furnas.bkb.rnp.br,'No Hostname',csc1-cpr1-eltsul.bkb.rnp.br,udesc-csc1.bkb.rnp.br,popsc-3214-sw92-rt12.bb.pop-sc.rnp.br,monipe-sc-atraso.rnp.br,,9280195004.0
1707640240,2024-02-11 05:30:40, gateway,'No Hostname',rj-lanrj.bkb.rnp.br,csp1-crj1-furnas.bkb.rnp.br,'No Hostname',csc1-cpr1-eltsul.bkb.rnp.br,udesc-csc1.bkb.rnp.br,popsc-3214-sw92-rt12.bb.pop-sc.rnp.br,monipe-sc-atraso.rnp.br,,9491226001.0
1707652867,2024-02-11 09:01:07, gateway,'No Hostname',rj-lanrj.bkb.rnp.br,csp1-crj1-furnas.bkb.rnp.br,'No Hostname',csc1-cpr1-eltsul.bkb.rnp.br,udesc-csc1.bkb.rnp.br,popsc-3214-sw92-rt12.bb.pop-sc.rnp.br,monipe-sc-atraso.rnp.br,,5477556691.0
1707670836,2024-02-11 14:00:36, gateway,'No Hostname',rj-lanrj.bkb.rnp.br,csp1-crj1-furnas.bkb.rnp.br,'No Hostname',csc1-cpr1-eltsul.bkb.rnp.br,udesc-csc1.bkb.rnp.br,popsc-3214-sw92-rt12.bb.pop-sc.rnp.br,monipe-sc-atraso.rnp.br,,9036223899.0
1707699594,2024-02-11 21:59:54, gateway,'No Hostname',rj-lanrj.bkb.rnp.br,csp1-crj1-furnas.bkb.rnp.br,'No Hostname',csc1-cpr1-eltsul.bkb.rnp.br,udesc-csc1.bkb.rnp.br,popsc-3214-sw92-rt12.bb.pop-sc.rnp.br,monipe-sc-atraso.rnp.br,,4214921584.0
1707705466,2024-02-11 23:37:46, gateway,'No Hostname',rj-lanrj.bkb.rnp.br,csp1-crj1-furnas.bkb.rnp.br,'No Hostname',csc1-cpr1-eltsul.bkb.rnp.br,udesc-csc1.bkb.rnp.br,popsc-3214-sw92-rt12.bb.pop-sc.rnp.br,monipe-sc-atraso.rnp.br,,9267900144.0
1707754221,2024-02-12 13:10:21, gateway,'No Hostname',rj-lanrj.bkb.rnp.br,csp1-crj1-furnas.bkb.rnp.br,'No Hostname',csc1-cpr1-eltsul.bkb.rnp.br,udesc-csc1.bkb.rnp.br,popsc-3214-sw92-rt12.bb.pop-sc.rnp.br,monipe-sc-atraso.rnp.br,,3661368360.0
1707775556,2024-02-12 19:05:56, gateway,'No Hostname',rj-lanrj.bkb.rnp.br,csp1-crj1-furnas.bkb.rnp.br,'No Hostname',csc1-cpr1-eltsul.bkb.rnp.br,udesc-csc1.bkb.rnp.br,popsc-3214-sw92-rt12.bb.pop-sc.rnp.br,monipe-sc-atraso.rnp.br,,9656685520.0
1707780547,2024-02-12 20:29:07, gateway,'No Hostname',rj-lanrj.bkb.rnp.br,csp1-crj1-furnas.bkb.rnp.br,'No Hostname',csc1-cpr1-eltsul.bkb.rnp.br,udesc-csc1.bkb.rnp.br,popsc-3214-sw92-rt12.bb.pop-sc.rnp.br,monipe-sc-atraso.rnp.br,,9602770955.0
1707808877,2024-02-13 04:21:17, gateway,'No Hostname',rj-lanrj.bkb.rnp.br,csp1-crj1-furnas.bkb.rnp.br,'No Hostname',csc1-cpr1-eltsul.bkb.rnp.br,udesc-csc1.bkb.rnp.br,popsc-3214-sw92-rt12.bb.pop-sc.rnp.br,monipe-sc-atraso.rnp.br,,8643237690.0
1707828646,2024-02-13 09:50:46, gateway,'No Hostname',rj-lanrj.bkb.rnp.br,csp1-crj1-furnas.bkb.rnp.br,'No Hostname',csc1-cpr1-eltsul.bkb.rnp.br,udesc-csc1.bkb.rnp.br,popsc-3214-sw92-rt12.bb.pop-sc.rnp.br,monipe-sc-atraso.rnp.br,,9286672523.0
1707846338,2024-02-13 14:45:38, gateway,'No Hostname',rj-lanrj.bkb.rnp.br,csp1-crj1-furnas.bkb.rnp.br,'No Hostname',csc1-cpr1-eltsul.bkb.rnp.br,udesc-csc1.bkb.rnp.br,popsc-3214-sw92-rt12.bb.pop-sc.rnp.br,monipe-sc-atraso.rnp.br,,4680375617.0
1707899968,2024-02-14 05:39:28, gateway,'No Hostname',rj-lanrj.bkb.rnp.br,csp1-crj1-furnas.bkb.rnp.br,'No Hostname',csc1-cpr1-eltsul.bkb.rnp.br,udesc-csc1.bkb.rnp.br,popsc-3214-sw92-rt12.bb.pop-sc.rnp.br,monipe-sc-atraso.rnp.br,,9599593432.0
1707915604,2024-02-14 10:00:04, gateway,'No Hostname',rj-lanrj.bkb.rnp.br,csp1-crj1-furnas.bkb.rnp.br,'No Hostname',csc1-cpr1-eltsul.bkb.rnp.br,udesc-csc1.bkb.rnp.br,popsc-3214-sw92-rt12.bb.pop-sc.rnp.br,monipe-sc-atraso.rnp.br,,9499120461.0
1707919048,2024-02-14 10:57:28, gateway,'No Hostname',rj-lanrj.bkb.rnp.br,csp1-crj1-furnas.bkb.rnp.br,'No Hostname',csc1-cpr1-eltsul.bkb.rnp.br,udesc-csc1.bkb.rnp.br,popsc-3214-sw92-rt12.bb.pop-sc.rnp.br,monipe-sc-atraso.rnp.br,,4875358987.0
1707939011,2024-02-14 16:30:11, gateway,'No Hostname',rj-lanrj.bkb.rnp.br,csp1-crj1-furnas.bkb.rnp.br,'No Hostname',csc1-cpr1-eltsul.bkb.rnp.br,udesc-csc1.bkb.rnp.br,popsc-3214-sw92-rt12.bb.pop-sc.rnp.br,monipe-sc-atraso.rnp.br,,5243052229.0
1707958410,2024-02-14 21:53:30, gateway,'No Hostname',rj-lanrj.bkb.rnp.br,csp1-crj1-furnas.bkb.rnp.br,'No Hostname',csc1-cpr1-eltsul.bkb.rnp.br,udesc-csc1.bkb.rnp.br,popsc-3214-sw92-rt12.bb.pop-sc.rnp.br,monipe-sc-atraso.rnp.br,,4579657969.0
1708005472,2024-02-15 10:57:52, gateway,'No Hostname',rj-lanrj.bkb.rnp.br,csp1-crj1-furnas.bkb.rnp.br,'No Hostname',csc1-cpr1-eltsul.bkb.rnp.br,udesc-csc1.bkb.rnp.br,popsc-3214-sw92-rt12.bb.pop-sc.rnp.br,monipe-sc-atraso.rnp.br,,4097794872.0
1708030906,2024-02-15 18:01:46, gateway,'No Hostname',rj-lanrj.bkb.rnp.br,csp1-crj1-furnas.bkb.rnp.br,'No Hostname',csc1-cpr1-eltsul.bkb.rnp.br,udesc-csc1.bkb.rnp.br,popsc-3214-sw92-rt12.bb.pop-sc.rnp.br,monipe-sc-atraso.rnp.br,,9592606465.0
1708044255,2024-02-15 21:44:15, gateway,'No Hostname',rj-lanrj.bkb.rnp.br,csp1-crj1-furnas.bkb.rnp.br,'No Hostname',csc1-cpr1-eltsul.bkb.rnp.br,udesc-csc1.bkb.rnp.br,popsc-3214-sw92-rt12.bb.pop-sc.rnp.br,monipe-sc-atraso.rnp.br,,6750861448.0
1708089731,2024-02-16 10:22:11, gateway,'No Hostname',rj-lanrj.bkb.rnp.br,csp1-crj1-furnas.bkb.rnp.br,'No Hostname',csc1-cpr1-eltsul.bkb.rnp.br,udesc-csc1.bkb.rnp.br,popsc-3214-sw92-rt12.bb.pop-sc.rnp.br,monipe-sc-atraso.rnp.br,,9460507720.0
1708102370,2024-02-16 13:52:50, gateway,'No Hostname',rj-lanrj.bkb.rnp.br,csp1-crj1-furnas.bkb.rnp.br,'No Hostname',csc1-cpr1-eltsul.bkb.rnp.br,udesc-csc1.bkb.rnp.br,popsc-3214-sw92-rt12.bb.pop-sc.rnp.br,monipe-sc-atraso.rnp.br,,8082785555.0
1708112327,2024-02-16 16:38:47, gateway,'No Hostname',rj-lanrj.bkb.rnp.br,csp1-crj1-furnas.bkb.rnp.br,'No Hostname',csc1-cpr1-eltsul.bkb.rnp.br,udesc-csc1.bkb.rnp.br,popsc-3214-sw92-rt12.bb.pop-sc.rnp.br,monipe-sc-atraso.rnp.br,,9529660779.0
1708131629,2024-02-16 22:00:29, gateway,'No Hostname',rj-lanrj.bkb.rnp.br,csp1-crj1-furnas.bkb.rnp.br,'No Hostname',csc1-cpr1-eltsul.bkb.rnp.br,udesc-csc1.bkb.rnp.br,popsc-3214-sw92-rt12.bb.pop-sc.rnp.br,monipe-sc-atraso.rnp.br,,7329571079.0
1708144444,2024-02-17 01:34:04, gateway,'No Hostname',rj-lanrj.bkb.rnp.br,csp1-crj1-furnas.bkb.rnp.br,'No Hostname',csc1-cpr1-eltsul.bkb.rnp.br,udesc-csc1.bkb.rnp.br,popsc-3214-sw92-rt12.bb.pop-sc.rnp.br,monipe-sc-atraso.rnp.br,,5734347186.0
1708167591,2024-02-17 07:59:51, gateway,'No Hostname',rj-lanrj.bkb.rnp.br,csp1-crj1-furnas.bkb.rnp.br,'No Hostname',csc1-cpr1-eltsul.bkb.rnp.br,udesc-csc1.bkb.rnp.br,popsc-3214-sw92-rt12.bb.pop-sc.rnp.br,monipe-sc-atraso.rnp.br,,8931910953.0
1708180446,2024-02-17 11:34:06, gateway,'No Hostname',rj-lanrj.bkb.rnp.br,csp1-crj1-furnas.bkb.rnp.br,'No Hostname',csc1-cpr1-eltsul.bkb.rnp.br,udesc-csc1.bkb.rnp.br,popsc-3214-sw92-rt12.bb.pop-sc.rnp.br,monipe-sc-atraso.rnp.br,,8881611549.0
1708195660,2024-02-17 15:47:40, gateway,'No Hostname',rj-lanrj.bkb.rnp.br,csp1-crj1-furnas.bkb.rnp.br,'No Hostname',csc1-cpr1-eltsul.bkb.rnp.br,udesc-csc1.bkb.rnp.br,popsc-3214-sw92-rt12.bb.pop-sc.rnp.br,monipe-sc-atraso.rnp.br,,9569593514.0
1708257185,2024-02-18 08:53:05, gateway,'No Hostname',rj-lanrj.bkb.rnp.br,csp1-crj1-furnas.bkb.rnp.br,'No Hostname',csc1-cpr1-eltsul.bkb.rnp.br,udesc-csc1.bkb.rnp.br,popsc-3214-sw92-rt12.bb.pop-sc.rnp.br,monipe-sc-atraso.rnp.br,,9732404246.0
1708273103,2024-02-18 13:18:23, gateway,'No Hostname',rj-lanrj.bkb.rnp.br,csp1-crj1-furnas.bkb.rnp.br,'No Hostname',csc1-cpr1-eltsul.bkb.rnp.br,udesc-csc1.bkb.rnp.br,popsc-3214-sw92-rt12.bb.pop-sc.rnp.br,monipe-sc-atraso.rnp.br,,2588458531.0
1708293172,2024-02-18 18:52:52, gateway,'No Hostname',rj-lanrj.bkb.rnp.br,csp1-crj1-furnas.bkb.rnp.br,'No Hostname',csc1-cpr1-eltsul.bkb.rnp.br,udesc-csc1.bkb.rnp.br,popsc-3214-sw92-rt12.bb.pop-sc.rnp.br,monipe-sc-atraso.rnp.br,,9253157061.0
1708295125,2024-02-18 19:25:25, gateway,'No Hostname',rj-lanrj.bkb.rnp.br,csp1-crj1-furnas.bkb.rnp.br,'No Hostname',csc1-cpr1-eltsul.bkb.rnp.br,udesc-csc1.bkb.rnp.br,popsc-3214-sw92-rt12.bb.pop-sc.rnp.br,monipe-sc-atraso.rnp.br,,6809187357.0
1708324377,2024-02-19 03:32:57, gateway,'No Hostname',rj-lanrj.bkb.rnp.br,csp1-crj1-furnas.bkb.rnp.br,'No Hostname',csc1-cpr1-eltsul.bkb.rnp.br,udesc-csc1.bkb.rnp.br,popsc-3214-sw92-rt12.bb.pop-sc.rnp.br,monipe-sc-atraso.rnp.br,,5109673410.0
1708359229,2024-02-19 13:13:49, gateway,'No Hostname',rj-lanrj.bkb.rnp.br,csp1-crj1-furnas.bkb.rnp.br,'No Hostname',csc1-cpr1-eltsul.bkb.rnp.br,udesc-csc1.bkb.rnp.br,popsc-3214-sw92-rt12.bb.pop-sc.rnp.br,monipe-sc-atraso.rnp.br,,5675119768.0
1708381629,2024-02-19 19:27:09, gateway,'No Hostname',rj-lanrj.bkb.rnp.br,csp1-crj1-furnas.bkb.rnp.br,'No Hostname',csc1-cpr1-eltsul.bkb.rnp.br,udesc-csc1.bkb.rnp.br,popsc-3214-sw92-rt12.bb.pop-sc.rnp.br,monipe-sc-atraso.rnp.br,,9574382510.0
1708385363,2024-02-19 20:29:23, gateway,'No Hostname',rj-lanrj.bkb.rnp.br,csp1-crj1-furnas.bkb.rnp.br,'No Hostname',csc1-cpr1-eltsul.bkb.rnp.br,udesc-csc1.bkb.rnp.br,popsc-3214-sw92-rt12.bb.pop-sc.rnp.br,monipe-sc-atraso.rnp.br,,7980055498.0
1708424389,2024-02-20 07:19:49, gateway,'No Hostname',rj-lanrj.bkb.rnp.br,csp1-crj1-furnas.bkb.rnp.br,'No Hostname',csc1-cpr1-eltsul.bkb.rnp.br,udesc-csc1.bkb.rnp.br,popsc-3214-sw92-rt12.bb.pop-sc.rnp.br,monipe-sc-atraso.rnp.br,,9677414697.0
1708433751,2024-02-20 09:55:51, gateway,'No Hostname',rj-lanrj.bkb.rnp.br,csp1-crj1-furnas.bkb.rnp.br,'No Hostname',csc1-cpr1-eltsul.bkb.rnp.br,udesc-csc1.bkb.rnp.br,popsc-3214-sw92-rt12.bb.pop-sc.rnp.br,monipe-sc-atraso.rnp.br,,9624223033.0
1708454444,2024-02-20 15:40:44, gateway,'No Hostname',rj-lanrj.bkb.rnp.br,csp1-crj1-furnas.bkb.rnp.br,'No Hostname',csc1-cpr1-eltsul.bkb.rnp.br,udesc-csc1.bkb.rnp.br,popsc-3214-sw92-rt12.bb.pop-sc.rnp.br,monipe-sc-atraso.rnp.br,,9373704909.0
1708471967,2024-02-20 20:32:47, gateway,'No Hostname',rj-lanrj.bkb.rnp.br,csp1-crj1-furnas.bkb.rnp.br,'No Hostname',csc1-cpr1-eltsul.bkb.rnp.br,udesc-csc1.bkb.rnp.br,popsc-3214-sw92-rt12.bb.pop-sc.rnp.br,monipe-sc-atraso.rnp.br,,7419399562.0
1708473322,2024-02-20 20:55:22, gateway,'No Hostname',rj-lanrj.bkb.rnp.br,csp1-crj1-furnas.bkb.rnp.br,'No Hostname',csc1-cpr1-eltsul.bkb.rnp.br,udesc-csc1.bkb.rnp.br,popsc-3214-sw92-rt12.bb.pop-sc.rnp.br,monipe-sc-atraso.rnp.br,,6436099657.0
1708507841,2024-02-21 06:30:41, gateway,'No Hostname',rj-lanrj.bkb.rnp.br,csp1-crj1-furnas.bkb.rnp.br,'No Hostname',csc1-cpr1-eltsul.bkb.rnp.br,udesc-csc1.bkb.rnp.br,popsc-3214-sw92-rt12.bb.pop-sc.rnp.br,monipe-sc-atraso.rnp.br,,9532467147.0
1708530625,2024-02-21 12:50:25, gateway,'No Hostname',rj-lanrj.bkb.rnp.br,csp1-crj1-furnas.bkb.rnp.br,'No Hostname',csc1-cpr1-eltsul.bkb.rnp.br,udesc-csc1.bkb.rnp.br,popsc-3214-sw92-rt12.bb.pop-sc.rnp.br,monipe-sc-atraso.rnp.br,,3443685863.0
1708595874,2024-02-22 06:57:54, gateway,'No Hostname',rj-lanrj.bkb.rnp.br,csp1-crj1-furnas.bkb.rnp.br,'No Hostname',csc1-cpr1-eltsul.bkb.rnp.br,udesc-csc1.bkb.rnp.br,popsc-3214-sw92-rt12.bb.pop-sc.rnp.br,monipe-sc-atraso.rnp.br,,2038710261.0
1708611041,2024-02-22 11:10:41, gateway,'No Hostname',rj-lanrj.bkb.rnp.br,csp1-crj1-furnas.bkb.rnp.br,'No Hostname',csc1-cpr1-eltsul.bkb.rnp.br,udesc-csc1.bkb.rnp.br,popsc-3214-sw92-rt12.bb.pop-sc.rnp.br,monipe-sc-atraso.rnp.br,,3031123341.0
1708612354,2024-02-22 11:32:34, gateway,'No Hostname',rj-lanrj.bkb.rnp.br,csp1-crj1-furnas.bkb.rnp.br,'No Hostname',csc1-cpr1-eltsul.bkb.rnp.br,udesc-csc1.bkb.rnp.br,popsc-3214-sw92-rt12.bb.pop-sc.rnp.br,monipe-sc-atraso.rnp.br,,6997709568.0
1708670390,2024-02-23 03:39:50, gateway,'No Hostname',rj-lanrj.bkb.rnp.br,csp1-crj1-furnas.bkb.rnp.br,'No Hostname',csc1-cpr1-eltsul.bkb.rnp.br,udesc-csc1.bkb.rnp.br,popsc-3214-sw92-rt12.bb.pop-sc.rnp.br,monipe-sc-atraso.rnp.br,,6611851372.0
1708675834,2024-02-23 05:10:34, gateway,'No Hostname',rj-lanrj.bkb.rnp.br,csp1-crj1-furnas.bkb.rnp.br,'No Hostname',csc1-cpr1-eltsul.bkb.rnp.br,udesc-csc1.bkb.rnp.br,popsc-3214-sw92-rt12.bb.pop-sc.rnp.br,monipe-sc-atraso.rnp.br,,2302906926.0
1708696691,2024-02-23 10:58:11, gateway,'No Hostname',rj-lanrj.bkb.rnp.br,csp1-crj1-furnas.bkb.rnp.br,'No Hostname',csc1-cpr1-eltsul.bkb.rnp.br,udesc-csc1.bkb.rnp.br,popsc-3214-sw92-rt12.bb.pop-sc.rnp.br,monipe-sc-atraso.rnp.br,,6899244795.0
1708699855,2024-02-23 11:50:55, gateway,'No Hostname',rj-lanrj.bkb.rnp.br,csp1-crj1-furnas.bkb.rnp.br,'No Hostname',csc1-cpr1-eltsul.bkb.rnp.br,udesc-csc1.bkb.rnp.br,popsc-3214-sw92-rt12.bb.pop-sc.rnp.br,monipe-sc-atraso.rnp.br,,8269820878.0
1708716867,2024-02-23 16:34:27, gateway,'No Hostname',rj-lanrj.bkb.rnp.br,csp1-crj1-furnas.bkb.rnp.br,'No Hostname',csc1-cpr1-eltsul.bkb.rnp.br,udesc-csc1.bkb.rnp.br,popsc-3214-sw92-rt12.bb.pop-sc.rnp.br,monipe-sc-atraso.rnp.br,,9333515284.0
1708734082,2024-02-23 21:21:22, gateway,'No Hostname',rj-lanrj.bkb.rnp.br,csp1-crj1-furnas.bkb.rnp.br,'No Hostname',csc1-cpr1-eltsul.bkb.rnp.br,udesc-csc1.bkb.rnp.br,popsc-3214-sw92-rt12.bb.pop-sc.rnp.br,monipe-sc-atraso.rnp.br,,9532229788.0
1708766404,2024-02-24 06:20:04, gateway,'No Hostname',rj-lanrj.bkb.rnp.br,csp1-crj1-furnas.bkb.rnp.br,'No Hostname',csc1-cpr1-eltsul.bkb.rnp.br,udesc-csc1.bkb.rnp.br,popsc-3214-sw92-rt12.bb.pop-sc.rnp.br,monipe-sc-atraso.rnp.br,,9467908223.0
1708775731,2024-02-24 08:55:31, gateway,'No Hostname',rj-lanrj.bkb.rnp.br,csp1-crj1-furnas.bkb.rnp.br,'No Hostname',csc1-cpr1-eltsul.bkb.rnp.br,udesc-csc1.bkb.rnp.br,popsc-3214-sw92-rt12.bb.pop-sc.rnp.br,monipe-sc-atraso.rnp.br,,4997573640.0
1708832759,2024-02-25 00:45:59, gateway,'No Hostname',rj-lanrj.bkb.rnp.br,csp1-crj1-furnas.bkb.rnp.br,'No Hostname',csc1-cpr1-eltsul.bkb.rnp.br,udesc-csc1.bkb.rnp.br,popsc-3214-sw92-rt12.bb.pop-sc.rnp.br,monipe-sc-atraso.rnp.br,,5133584689.0
1708839687,2024-02-25 02:41:27, gateway,'No Hostname',rj-lanrj.bkb.rnp.br,csp1-crj1-furnas.bkb.rnp.br,'No Hostname',csc1-cpr1-eltsul.bkb.rnp.br,udesc-csc1.bkb.rnp.br,popsc-3214-sw92-rt12.bb.pop-sc.rnp.br,monipe-sc-atraso.rnp.br,,9120837285.0
1708855176,2024-02-25 06:59:36, gateway,'No Hostname',rj-lanrj.bkb.rnp.br,csp1-crj1-furnas.bkb.rnp.br,'No Hostname',csc1-cpr1-eltsul.bkb.rnp.br,udesc-csc1.bkb.rnp.br,popsc-3214-sw92-rt12.bb.pop-sc.rnp.br,monipe-sc-atraso.rnp.br,,9440795922.0
1708888781,2024-02-25 16:19:41, gateway,'No Hostname',rj-lanrj.bkb.rnp.br,csp1-crj1-furnas.bkb.rnp.br,'No Hostname',csc1-cpr1-eltsul.bkb.rnp.br,udesc-csc1.bkb.rnp.br,popsc-3214-sw92-rt12.bb.pop-sc.rnp.br,monipe-sc-atraso.rnp.br,,8670735609.0
1708906522,2024-02-25 21:15:22, gateway,'No Hostname',rj-lanrj.bkb.rnp.br,csp1-crj1-furnas.bkb.rnp.br,'No Hostname',csc1-cpr1-eltsul.bkb.rnp.br,udesc-csc1.bkb.rnp.br,popsc-3214-sw92-rt12.bb.pop-sc.rnp.br,monipe-sc-atraso.rnp.br,,9197615196.0
1708909972,2024-02-25 22:12:52, gateway,'No Hostname',rj-lanrj.bkb.rnp.br,csp1-crj1-furnas.bkb.rnp.br,'No Hostname',csc1-cpr1-eltsul.bkb.rnp.br,udesc-csc1.bkb.rnp.br,popsc-3214-sw92-rt12.bb.pop-sc.rnp.br,monipe-sc-atraso.rnp.br,,9084503184.0
1708952156,2024-02-26 09:55:56, gateway,'No Hostname',rj-lanrj.bkb.rnp.br,csp1-crj1-furnas.bkb.rnp.br,'No Hostname',csc1-cpr1-eltsul.bkb.rnp.br,udesc-csc1.bkb.rnp.br,popsc-3214-sw92-rt12.bb.pop-sc.rnp.br,monipe-sc-atraso.rnp.br,,9612487122.0
1708967754,2024-02-26 14:15:54, gateway,'No Hostname',rj-lanrj.bkb.rnp.br,csp1-crj1-furnas.bkb.rnp.br,'No Hostname',csc1-cpr1-eltsul.bkb.rnp.br,udesc-csc1.bkb.rnp.br,popsc-3214-sw92-rt12.bb.pop-sc.rnp.br,monipe-sc-atraso.rnp.br,,7485027946.0
1708975050,2024-02-26 16:17:30, gateway,'No Hostname',rj-lanrj.bkb.rnp.br,csp1-crj1-furnas.bkb.rnp.br,'No Hostname',csc1-cpr1-eltsul.bkb.rnp.br,udesc-csc1.bkb.rnp.br,popsc-3214-sw92-rt12.bb.pop-sc.rnp.br,monipe-sc-atraso.rnp.br,,9287710419.0
1708979141,2024-02-26 17:25:41, gateway,'No Hostname',rj-lanrj.bkb.rnp.br,csp1-crj1-furnas.bkb.rnp.br,'No Hostname',csc1-cpr1-eltsul.bkb.rnp.br,udesc-csc1.bkb.rnp.br,popsc-3214-sw92-rt12.bb.pop-sc.rnp.br,monipe-sc-atraso.rnp.br,,9436829211.0
1708997533,2024-02-26 22:32:13, gateway,'No Hostname',rj-lanrj.bkb.rnp.br,csp1-crj1-furnas.bkb.rnp.br,'No Hostname',csc1-cpr1-eltsul.bkb.rnp.br,udesc-csc1.bkb.rnp.br,popsc-3214-sw92-rt12.bb.pop-sc.rnp.br,monipe-sc-atraso.rnp.br,,9378808890.0
1709021991,2024-02-27 05:19:51, gateway,'No Hostname',rj-lanrj.bkb.rnp.br,csp1-crj1-furnas.bkb.rnp.br,'No Hostname',csc1-cpr1-eltsul.bkb.rnp.br,udesc-csc1.bkb.rnp.br,popsc-3214-sw92-rt12.bb.pop-sc.rnp.br,monipe-sc-atraso.rnp.br,,9484612831.0
1709055709,2024-02-27 14:41:49, gateway,'No Hostname',rj-lanrj.bkb.rnp.br,csp1-crj1-furnas.bkb.rnp.br,'No Hostname',csc1-cpr1-eltsul.bkb.rnp.br,udesc-csc1.bkb.rnp.br,popsc-3214-sw92-rt12.bb.pop-sc.rnp.br,monipe-sc-atraso.rnp.br,,6760403862.0
1709073207,2024-02-27 19:33:27, gateway,'No Hostname',rj-lanrj.bkb.rnp.br,csp1-crj1-furnas.bkb.rnp.br,'No Hostname',csc1-cpr1-eltsul.bkb.rnp.br,udesc-csc1.bkb.rnp.br,popsc-3214-sw92-rt12.bb.pop-sc.rnp.br,monipe-sc-atraso.rnp.br,,9277432054.0
1709088632,2024-02-27 23:50:32, gateway,'No Hostname',rj-lanrj.bkb.rnp.br,csp1-crj1-furnas.bkb.rnp.br,'No Hostname',csc1-cpr1-eltsul.bkb.rnp.br,udesc-csc1.bkb.rnp.br,popsc-3214-sw92-rt12.bb.pop-sc.rnp.br,monipe-sc-atraso.rnp.br,,6009044093.0
1709107243,2024-02-28 05:00:43, gateway,'No Hostname',rj-lanrj.bkb.rnp.br,csp1-crj1-furnas.bkb.rnp.br,'No Hostname',csc1-cpr1-eltsul.bkb.rnp.br,udesc-csc1.bkb.rnp.br,popsc-3214-sw92-rt12.bb.pop-sc.rnp.br,monipe-sc-atraso.rnp.br,,2730552304.0
1709160523,2024-02-28 19:48:43, gateway,'No Hostname',rj-lanrj.bkb.rnp.br,csp1-crj1-furnas.bkb.rnp.br,'No Hostname',csc1-cpr1-eltsul.bkb.rnp.br,udesc-csc1.bkb.rnp.br,popsc-3214-sw92-rt12.bb.pop-sc.rnp.br,monipe-sc-atraso.rnp.br,,9181402706.0
1709201930,2024-02-29 07:18:50, gateway,'No Hostname',rj-lanrj.bkb.rnp.br,csp1-crj1-furnas.bkb.rnp.br,'No Hostname',csc1-cpr1-eltsul.bkb.rnp.br,udesc-csc1.bkb.rnp.br,popsc-3214-sw92-rt12.bb.pop-sc.rnp.br,monipe-sc-atraso.rnp.br,,8302953281.0
1709220061,2024-02-29 12:21:01, gateway,'No Hostname',rj-lanrj.bkb.rnp.br,csp1-crj1-furnas.bkb.rnp.br,'No Hostname',csc1-cpr1-eltsul.bkb.rnp.br,udesc-csc1.bkb.rnp.br,popsc-3214-sw92-rt12.bb.pop-sc.rnp.br,monipe-sc-atraso.rnp.br,,9689334446.0
1709235462,2024-02-29 16:37:42, gateway,'No Hostname',rj-lanrj.bkb.rnp.br,csp1-crj1-furnas.bkb.rnp.br,'No Hostname',csc1-cpr1-eltsul.bkb.rnp.br,udesc-csc1.bkb.rnp.br,popsc-3214-sw92-rt12.bb.pop-sc.rnp.br,monipe-sc-atraso.rnp.br,,9367939170.0
1709251936,2024-02-29 21:12:16, gateway,'No Hostname',rj-lanrj.bkb.rnp.br,csp1-crj1-furnas.bkb.rnp.br,'No Hostname',csc1-cpr1-eltsul.bkb.rnp.br,udesc-csc1.bkb.rnp.br,popsc-3214-sw92-rt12.bb.pop-sc.rnp.br,monipe-sc-atraso.rnp.br,,9237199534.0
1709315431,2024-03-01 14:50:31, gateway,'No Hostname',rj-lanrj.bkb.rnp.br,csp1-crj1-furnas.bkb.rnp.br,'No Hostname',csc1-cpr1-eltsul.bkb.rnp.br,udesc-csc1.bkb.rnp.br,popsc-3214-sw92-rt12.bb.pop-sc.rnp.br,monipe-sc-atraso.rnp.br,,9308959647.0
1709355327,2024-03-02 01:55:27, gateway,'No Hostname',rj-lanrj.bkb.rnp.br,csp1-crj1-furnas.bkb.rnp.br,'No Hostname',csc1-cpr1-eltsul.bkb.rnp.br,udesc-csc1.bkb.rnp.br,popsc-3214-sw92-rt12.bb.pop-sc.rnp.br,monipe-sc-atraso.rnp.br,,9816870424.0
1709377985,2024-03-02 08:13:05, gateway,'No Hostname',rj-lanrj.bkb.rnp.br,csp1-crj1-furnas.bkb.rnp.br,'No Hostname',csc1-cpr1-eltsul.bkb.rnp.br,udesc-csc1.bkb.rnp.br,popsc-3214-sw92-rt12.bb.pop-sc.rnp.br,monipe-sc-atraso.rnp.br,,9407567155.0
1709412564,2024-03-02 17:49:24, gateway,'No Hostname',rj-lanrj.bkb.rnp.br,csp1-crj1-furnas.bkb.rnp.br,'No Hostname',csc1-cpr1-eltsul.bkb.rnp.br,udesc-csc1.bkb.rnp.br,popsc-3214-sw92-rt12.bb.pop-sc.rnp.br,monipe-sc-atraso.rnp.br,,8358367030.0
1709434412,2024-03-02 23:53:32, gateway,'No Hostname',rj-lanrj.bkb.rnp.br,csp1-crj1-furnas.bkb.rnp.br,'No Hostname',csc1-cpr1-eltsul.bkb.rnp.br,udesc-csc1.bkb.rnp.br,popsc-3214-sw92-rt12.bb.pop-sc.rnp.br,monipe-sc-atraso.rnp.br,,9330142584.0
1709466428,2024-03-03 08:47:08, gateway,'No Hostname',rj-lanrj.bkb.rnp.br,csp1-crj1-furnas.bkb.rnp.br,'No Hostname',csc1-cpr1-eltsul.bkb.rnp.br,udesc-csc1.bkb.rnp.br,popsc-3214-sw92-rt12.bb.pop-sc.rnp.br,monipe-sc-atraso.rnp.br,,9615639592.0
1709477468,2024-03-03 11:51:08, gateway,'No Hostname',rj-lanrj.bkb.rnp.br,csp1-crj1-furnas.bkb.rnp.br,'No Hostname',csc1-cpr1-eltsul.bkb.rnp.br,udesc-csc1.bkb.rnp.br,popsc-3214-sw92-rt12.bb.pop-sc.rnp.br,monipe-sc-atraso.rnp.br,,7835792855.0
1709485204,2024-03-03 14:00:04, gateway,'No Hostname','No Hostname',csp1-crj1-furnas.bkb.rnp.br,'No Hostname',csc1-cpr1-eltsul.bkb.rnp.br,udesc-csc1.bkb.rnp.br,popsc-3214-sw92-rt12.bb.pop-sc.rnp.br,monipe-sc-atraso.rnp.br,,6069269118.0
1709504647,2024-03-03 19:24:07, gateway,'No Hostname','No Hostname',csp1-crj1-furnas.bkb.rnp.br,'No Hostname',csc1-cpr1-eltsul.bkb.rnp.br,udesc-csc1.bkb.rnp.br,popsc-3214-sw92-rt12.bb.pop-sc.rnp.br,monipe-sc-atraso.rnp.br,,9569204981.0
1709537478,2024-03-04 04:31:18, gateway,'No Hostname','No Hostname',csp1-crj1-furnas.bkb.rnp.br,'No Hostname',csc1-cpr1-eltsul.bkb.rnp.br,udesc-csc1.bkb.rnp.br,popsc-3214-sw92-rt12.bb.pop-sc.rnp.br,monipe-sc-atraso.rnp.br,,9331242191.0
1709562877,2024-03-04 11:34:37, gateway,'No Hostname','No Hostname','No Hostname',csp2-crj2-infobarra.bkb.rnp.br,cpr1-csp2-tlb.bkb.rnp.br,csc1-cpr1-eltsul.bkb.rnp.br,udesc-csc1.bkb.rnp.br,popsc-3214-sw92-rt12.bb.pop-sc.rnp.br,monipe-sc-atraso.rnp.br,8180578293.0
1709574302,2024-03-04 14:45:02, gateway,'No Hostname','No Hostname',csp1-crj1-furnas.bkb.rnp.br,'No Hostname',csc1-cpr1-eltsul.bkb.rnp.br,udesc-csc1.bkb.rnp.br,popsc-3214-sw92-rt12.bb.pop-sc.rnp.br,monipe-sc-atraso.rnp.br,,7377957573.0
1709590640,2024-03-04 19:17:20, gateway,'No Hostname',rj-lanrj.bkb.rnp.br,crj2-crj1.bkb.rnp.br,csp2-crj2-infobarra.bkb.rnp.br,cpr1-csp2-tlb.bkb.rnp.br,csc1-cpr1-eltsul.bkb.rnp.br,udesc-csc1.bkb.rnp.br,popsc-3214-sw92-rt12.bb.pop-sc.rnp.br,monipe-sc-atraso.rnp.br,9313871928.0
1709613063,2024-03-05 01:31:03, gateway,'No Hostname',rj-lanrj.bkb.rnp.br,csp1-crj1-furnas.bkb.rnp.br,'No Hostname',csc1-cpr1-eltsul.bkb.rnp.br,udesc-csc1.bkb.rnp.br,popsc-3214-sw92-rt12.bb.pop-sc.rnp.br,monipe-sc-atraso.rnp.br,,9588559369.0
1709635786,2024-03-05 07:49:46, gateway,'No Hostname',rj-lanrj.bkb.rnp.br,csp1-crj1-furnas.bkb.rnp.br,csp2-csp1-100g-via-sp2.bkb.rnp.br,cpr1-csp2-tlb.bkb.rnp.br,csc1-cpr1-eltsul.bkb.rnp.br,udesc-csc1.bkb.rnp.br,popsc-3214-sw92-rt12.bb.pop-sc.rnp.br,monipe-sc-atraso.rnp.br,9455382466.0
1709646247,2024-03-05 10:44:07, gateway,'No Hostname',rj-lanrj.bkb.rnp.br,csp1-crj1-furnas.bkb.rnp.br,'No Hostname',csc1-cpr1-eltsul.bkb.rnp.br,udesc-csc1.bkb.rnp.br,popsc-3214-sw92-rt12.bb.pop-sc.rnp.br,monipe-sc-atraso.rnp.br,,3259498170.0
1709668703,2024-03-05 16:58:23, gateway,'No Hostname',rj-lanrj.bkb.rnp.br,csp1-crj1-furnas.bkb.rnp.br,'No Hostname',csc1-cpr1-eltsul.bkb.rnp.br,udesc-csc1.bkb.rnp.br,popsc-3214-sw92-rt12.bb.pop-sc.rnp.br,monipe-sc-atraso.rnp.br,,9012993394.0
1709679056,2024-03-05 19:50:56, gateway,'No Hostname',rj-lanrj.bkb.rnp.br,csp1-crj1-furnas.bkb.rnp.br,'No Hostname',csc1-cpr1-eltsul.bkb.rnp.br,udesc-csc1.bkb.rnp.br,popsc-3214-sw92-rt12.bb.pop-sc.rnp.br,monipe-sc-atraso.rnp.br,,8825262404.0
1709723633,2024-03-06 08:13:53, gateway,'No Hostname',rj-lanrj.bkb.rnp.br,csp1-crj1-furnas.bkb.rnp.br,'No Hostname',csc1-cpr1-eltsul.bkb.rnp.br,udesc-csc1.bkb.rnp.br,popsc-3214-sw92-rt12.bb.pop-sc.rnp.br,monipe-sc-atraso.rnp.br,,9356473120.0
1709803697,2024-03-07 06:28:17, gateway,'No Hostname',rj-lanrj.bkb.rnp.br,csp1-crj1-furnas.bkb.rnp.br,'No Hostname',csc1-cpr1-eltsul.bkb.rnp.br,udesc-csc1.bkb.rnp.br,popsc-3214-sw92-rt12.bb.pop-sc.rnp.br,monipe-sc-atraso.rnp.br,,9228914657.0
1709823017,2024-03-07 11:50:17, gateway,'No Hostname',rj-lanrj.bkb.rnp.br,csp1-crj1-furnas.bkb.rnp.br,'No Hostname',csc1-cpr1-eltsul.bkb.rnp.br,udesc-csc1.bkb.rnp.br,popsc-3214-sw92-rt12.bb.pop-sc.rnp.br,monipe-sc-atraso.rnp.br,,9197038477.0
1709835711,2024-03-07 15:21:51, gateway,'No Hostname',rj-lanrj.bkb.rnp.br,csp1-crj1-furnas.bkb.rnp.br,'No Hostname',csc1-cpr1-eltsul.bkb.rnp.br,udesc-csc1.bkb.rnp.br,popsc-3214-sw92-rt12.bb.pop-sc.rnp.br,monipe-sc-atraso.rnp.br,,9121055209.0
1709845834,2024-03-07 18:10:34, gateway,'No Hostname',rj-lanrj.bkb.rnp.br,csp1-crj1-furnas.bkb.rnp.br,'No Hostname',csc1-cpr1-eltsul.bkb.rnp.br,udesc-csc1.bkb.rnp.br,popsc-3214-sw92-rt12.bb.pop-sc.rnp.br,monipe-sc-atraso.rnp.br,,9325895173.0
1709864753,2024-03-07 23:25:53, gateway,'No Hostname',rj-lanrj.bkb.rnp.br,csp1-crj1-furnas.bkb.rnp.br,'No Hostname',csc1-cpr1-eltsul.bkb.rnp.br,udesc-csc1.bkb.rnp.br,popsc-3214-sw92-rt12.bb.pop-sc.rnp.br,monipe-sc-atraso.rnp.br,,9607096263.0
1709928199,2024-03-08 17:03:19, gateway,'No Hostname',rj-lanrj.bkb.rnp.br,csp1-crj1-furnas.bkb.rnp.br,'No Hostname',csc1-cpr1-eltsul.bkb.rnp.br,udesc-csc1.bkb.rnp.br,popsc-3214-sw92-rt12.bb.pop-sc.rnp.br,monipe-sc-atraso.rnp.br,,9054360306.0
1709943872,2024-03-08 21:24:32, gateway,'No Hostname',rj-lanrj.bkb.rnp.br,csp1-crj1-furnas.bkb.rnp.br,'No Hostname',csc1-cpr1-eltsul.bkb.rnp.br,udesc-csc1.bkb.rnp.br,popsc-3214-sw92-rt12.bb.pop-sc.rnp.br,monipe-sc-atraso.rnp.br,,9123439568.0
1709946893,2024-03-08 22:14:53, gateway,'No Hostname',rj-lanrj.bkb.rnp.br,csp1-crj1-furnas.bkb.rnp.br,'No Hostname',csc1-cpr1-eltsul.bkb.rnp.br,udesc-csc1.bkb.rnp.br,popsc-3214-sw92-rt12.bb.pop-sc.rnp.br,monipe-sc-atraso.rnp.br,,9241804966.0
1709988591,2024-03-09 09:49:51, gateway,'No Hostname',rj-lanrj.bkb.rnp.br,csp1-crj1-furnas.bkb.rnp.br,'No Hostname',csc1-cpr1-eltsul.bkb.rnp.br,udesc-csc1.bkb.rnp.br,popsc-3214-sw92-rt12.bb.pop-sc.rnp.br,monipe-sc-atraso.rnp.br,,9650829598.0
1710020300,2024-03-09 18:38:20, gateway,'No Hostname',rj-lanrj.bkb.rnp.br,csp1-crj1-furnas.bkb.rnp.br,'No Hostname',csc1-cpr1-eltsul.bkb.rnp.br,udesc-csc1.bkb.rnp.br,popsc-3214-sw92-rt12.bb.pop-sc.rnp.br,monipe-sc-atraso.rnp.br,,7314514900.0
1710073634,2024-03-10 09:27:14, gateway,'No Hostname',rj-lanrj.bkb.rnp.br,csp1-crj1-furnas.bkb.rnp.br,'No Hostname',csc1-cpr1-eltsul.bkb.rnp.br,udesc-csc1.bkb.rnp.br,popsc-3214-sw92-rt12.bb.pop-sc.rnp.br,monipe-sc-atraso.rnp.br,,9291915103.0
1710094996,2024-03-10 15:23:16, gateway,'No Hostname',rj-lanrj.bkb.rnp.br,csp1-crj1-furnas.bkb.rnp.br,'No Hostname',csc1-cpr1-eltsul.bkb.rnp.br,udesc-csc1.bkb.rnp.br,popsc-3214-sw92-rt12.bb.pop-sc.rnp.br,monipe-sc-atraso.rnp.br,,9372264604.0
1710105803,2024-03-10 18:23:23, gateway,'No Hostname',rj-lanrj.bkb.rnp.br,csp1-crj1-furnas.bkb.rnp.br,'No Hostname',csc1-cpr1-eltsul.bkb.rnp.br,udesc-csc1.bkb.rnp.br,popsc-3214-sw92-rt12.bb.pop-sc.rnp.br,monipe-sc-atraso.rnp.br,,6910171098.0
1710125321,2024-03-10 23:48:41, gateway,'No Hostname',rj-lanrj.bkb.rnp.br,csp1-crj1-furnas.bkb.rnp.br,'No Hostname',csc1-cpr1-eltsul.bkb.rnp.br,udesc-csc1.bkb.rnp.br,popsc-3214-sw92-rt12.bb.pop-sc.rnp.br,monipe-sc-atraso.rnp.br,,7209074426.0
1710253681,2024-03-12 11:28:01, gateway,'No Hostname',rj-lanrj.bkb.rnp.br,csp1-crj1-furnas.bkb.rnp.br,'No Hostname',csc1-cpr1-eltsul.bkb.rnp.br,udesc-csc1.bkb.rnp.br,popsc-3214-sw92-rt12.bb.pop-sc.rnp.br,monipe-sc-atraso.rnp.br,,8442630770.0
1710282126,2024-03-12 19:22:06, gateway,'No Hostname',rj-lanrj.bkb.rnp.br,crj2-crj1.bkb.rnp.br,csp2-crj2-infobarra.bkb.rnp.br,cpr1-csp2-tlb.bkb.rnp.br,csc1-cpr1-eltsul.bkb.rnp.br,udesc-csc1.bkb.rnp.br,popsc-3214-sw92-rt12.bb.pop-sc.rnp.br,monipe-sc-atraso.rnp.br,8336426429.0
1710290347,2024-03-12 21:39:07, gateway,'No Hostname',rj-lanrj.bkb.rnp.br,crj2-crj1.bkb.rnp.br,csp2-crj2-infobarra.bkb.rnp.br,cpr1-csp2-tlb.bkb.rnp.br,csc1-cpr1-eltsul.bkb.rnp.br,udesc-csc1.bkb.rnp.br,popsc-3214-sw92-rt12.bb.pop-sc.rnp.br,monipe-sc-atraso.rnp.br,6907619980.0
1710330356,2024-03-13 08:45:56, gateway,'No Hostname',rj-lanrj.bkb.rnp.br,csp1-crj1-furnas.bkb.rnp.br,'No Hostname',csc1-cpr1-eltsul.bkb.rnp.br,udesc-csc1.bkb.rnp.br,popsc-3214-sw92-rt12.bb.pop-sc.rnp.br,monipe-sc-atraso.rnp.br,,8291982550.0
1710340796,2024-03-13 11:39:56, gateway,'No Hostname',rj-lanrj.bkb.rnp.br,csp1-crj1-furnas.bkb.rnp.br,'No Hostname',csc1-cpr1-eltsul.bkb.rnp.br,udesc-csc1.bkb.rnp.br,popsc-3214-sw92-rt12.bb.pop-sc.rnp.br,monipe-sc-atraso.rnp.br,,8113562980.0
1710366175,2024-03-13 18:42:55, gateway,'No Hostname',rj-lanrj.bkb.rnp.br,csp1-crj1-furnas.bkb.rnp.br,'No Hostname',csc1-cpr1-eltsul.bkb.rnp.br,udesc-csc1.bkb.rnp.br,popsc-3214-sw92-rt12.bb.pop-sc.rnp.br,monipe-sc-atraso.rnp.br,,8095380197.0
1710445477,2024-03-14 16:44:37, gateway,'No Hostname',rj-lanrj.bkb.rnp.br,csp1-crj1-furnas.bkb.rnp.br,'No Hostname',csc1-cpr1-eltsul.bkb.rnp.br,udesc-csc1.bkb.rnp.br,popsc-3214-sw92-rt12.bb.pop-sc.rnp.br,monipe-sc-atraso.rnp.br,,5122789502.0
1710448749,2024-03-14 17:39:09, gateway,'No Hostname',rj-lanrj.bkb.rnp.br,csp1-crj1-furnas.bkb.rnp.br,'No Hostname',csc1-cpr1-eltsul.bkb.rnp.br,udesc-csc1.bkb.rnp.br,popsc-3214-sw92-rt12.bb.pop-sc.rnp.br,monipe-sc-atraso.rnp.br,,8945396739.0
1710510026,2024-03-15 10:40:26, gateway,'No Hostname',rj-lanrj.bkb.rnp.br,csp1-crj1-furnas.bkb.rnp.br,'No Hostname',csc1-cpr1-eltsul.bkb.rnp.br,udesc-csc1.bkb.rnp.br,popsc-3214-sw92-rt12.bb.pop-sc.rnp.br,monipe-sc-atraso.rnp.br,,8917569743.0
1710544851,2024-03-15 20:20:51, gateway,'No Hostname',rj-lanrj.bkb.rnp.br,csp1-crj1-furnas.bkb.rnp.br,'No Hostname',csc1-cpr1-eltsul.bkb.rnp.br,udesc-csc1.bkb.rnp.br,popsc-3214-sw92-rt12.bb.pop-sc.rnp.br,monipe-sc-atraso.rnp.br,,7389270401.0
1710568355,2024-03-16 02:52:35, gateway,'No Hostname',rj-lanrj.bkb.rnp.br,csp1-crj1-furnas.bkb.rnp.br,'No Hostname',csc1-cpr1-eltsul.bkb.rnp.br,udesc-csc1.bkb.rnp.br,popsc-3214-sw92-rt12.bb.pop-sc.rnp.br,monipe-sc-atraso.rnp.br,,3558567998.0
1710588233,2024-03-16 08:23:53, gateway,'No Hostname',rj-lanrj.bkb.rnp.br,csp1-crj1-furnas.bkb.rnp.br,'No Hostname',csc1-cpr1-eltsul.bkb.rnp.br,udesc-csc1.bkb.rnp.br,popsc-3214-sw92-rt12.bb.pop-sc.rnp.br,monipe-sc-atraso.rnp.br,,9584341383.0
1710607029,2024-03-16 13:37:09, gateway,'No Hostname',rj-lanrj.bkb.rnp.br,csp1-crj1-furnas.bkb.rnp.br,'No Hostname',csc1-cpr1-eltsul.bkb.rnp.br,udesc-csc1.bkb.rnp.br,popsc-3214-sw92-rt12.bb.pop-sc.rnp.br,monipe-sc-atraso.rnp.br,,2252815247.0
1710628877,2024-03-16 19:41:17, gateway,'No Hostname',rj-lanrj.bkb.rnp.br,csp1-crj1-furnas.bkb.rnp.br,'No Hostname',csc1-cpr1-eltsul.bkb.rnp.br,udesc-csc1.bkb.rnp.br,popsc-3214-sw92-rt12.bb.pop-sc.rnp.br,monipe-sc-atraso.rnp.br,,4664915619.0
1710643673,2024-03-16 23:47:53, gateway,'No Hostname',rj-lanrj.bkb.rnp.br,csp1-crj1-furnas.bkb.rnp.br,'No Hostname',csc1-cpr1-eltsul.bkb.rnp.br,udesc-csc1.bkb.rnp.br,popsc-3214-sw92-rt12.bb.pop-sc.rnp.br,monipe-sc-atraso.rnp.br,,9537816327.0
1710675074,2024-03-17 08:31:14, gateway,'No Hostname',rj-lanrj.bkb.rnp.br,csp1-crj1-furnas.bkb.rnp.br,'No Hostname',csc1-cpr1-eltsul.bkb.rnp.br,udesc-csc1.bkb.rnp.br,popsc-3214-sw92-rt12.bb.pop-sc.rnp.br,monipe-sc-atraso.rnp.br,,8595219146.0
1710695861,2024-03-17 14:17:41, gateway,'No Hostname',rj-lanrj.bkb.rnp.br,csp1-crj1-furnas.bkb.rnp.br,'No Hostname',csc1-cpr1-eltsul.bkb.rnp.br,udesc-csc1.bkb.rnp.br,popsc-3214-sw92-rt12.bb.pop-sc.rnp.br,monipe-sc-atraso.rnp.br,,9310813078.0
1710724080,2024-03-17 22:08:00, gateway,'No Hostname',rj-lanrj.bkb.rnp.br,csp1-crj1-furnas.bkb.rnp.br,'No Hostname',csc1-cpr1-eltsul.bkb.rnp.br,udesc-csc1.bkb.rnp.br,popsc-3214-sw92-rt12.bb.pop-sc.rnp.br,monipe-sc-atraso.rnp.br,,5159407692.0
1710750251,2024-03-18 05:24:11, gateway,'No Hostname',rj-lanrj.bkb.rnp.br,csp1-crj1-furnas.bkb.rnp.br,'No Hostname',csc1-cpr1-eltsul.bkb.rnp.br,udesc-csc1.bkb.rnp.br,popsc-3214-sw92-rt12.bb.pop-sc.rnp.br,monipe-sc-atraso.rnp.br,,9519771735.0
1710790911,2024-03-18 16:41:51, gateway,'No Hostname',rj-lanrj.bkb.rnp.br,csp1-crj1-furnas.bkb.rnp.br,'No Hostname',csc1-cpr1-eltsul.bkb.rnp.br,udesc-csc1.bkb.rnp.br,popsc-3214-sw92-rt12.bb.pop-sc.rnp.br,monipe-sc-atraso.rnp.br,,6623714196.0
1710795298,2024-03-18 17:54:58, gateway,'No Hostname',rj-lanrj.bkb.rnp.br,csp1-crj1-furnas.bkb.rnp.br,'No Hostname',csc1-cpr1-eltsul.bkb.rnp.br,udesc-csc1.bkb.rnp.br,popsc-3214-sw92-rt12.bb.pop-sc.rnp.br,monipe-sc-atraso.rnp.br,,8821561942.0
1710811386,2024-03-18 22:23:06, gateway,'No Hostname',rj-lanrj.bkb.rnp.br,csp1-crj1-furnas.bkb.rnp.br,'No Hostname',csc1-cpr1-eltsul.bkb.rnp.br,udesc-csc1.bkb.rnp.br,popsc-3214-sw92-rt12.bb.pop-sc.rnp.br,monipe-sc-atraso.rnp.br,,9601703173.0
1710862045,2024-03-19 12:27:25, gateway,'No Hostname',rj-lanrj.bkb.rnp.br,csp1-crj1-furnas.bkb.rnp.br,'No Hostname',csc1-cpr1-eltsul.bkb.rnp.br,udesc-csc1.bkb.rnp.br,popsc-3214-sw92-rt12.bb.pop-sc.rnp.br,monipe-sc-atraso.rnp.br,,8006887518.0
1710962182,2024-03-20 16:16:22, gateway,'No Hostname',rj-lanrj.bkb.rnp.br,csp1-crj1-furnas.bkb.rnp.br,'No Hostname',csc1-cpr1-eltsul.bkb.rnp.br,udesc-csc1.bkb.rnp.br,popsc-3214-sw92-rt12.bb.pop-sc.rnp.br,monipe-sc-atraso.rnp.br,,8559616407.0
1710977250,2024-03-20 20:27:30, gateway,'No Hostname',rj-lanrj.bkb.rnp.br,csp1-crj1-furnas.bkb.rnp.br,'No Hostname',csc1-cpr1-eltsul.bkb.rnp.br,udesc-csc1.bkb.rnp.br,popsc-3214-sw92-rt12.bb.pop-sc.rnp.br,monipe-sc-atraso.rnp.br,,8512763229.0
1711012616,2024-03-21 06:16:56, gateway,'No Hostname',rj-lanrj.bkb.rnp.br,csp1-crj1-furnas.bkb.rnp.br,'No Hostname',csc1-cpr1-eltsul.bkb.rnp.br,udesc-csc1.bkb.rnp.br,popsc-3214-sw92-rt12.bb.pop-sc.rnp.br,monipe-sc-atraso.rnp.br,,8078144762.0
1711053259,2024-03-21 17:34:19, gateway,'No Hostname',rj-lanrj.bkb.rnp.br,csp1-crj1-furnas.bkb.rnp.br,'No Hostname',csc1-cpr1-eltsul.bkb.rnp.br,udesc-csc1.bkb.rnp.br,popsc-3214-sw92-rt12.bb.pop-sc.rnp.br,monipe-sc-atraso.rnp.br,,7495636555.0
1711088789,2024-03-22 03:26:29, gateway,'No Hostname',rj-lanrj.bkb.rnp.br,csp1-crj1-furnas.bkb.rnp.br,'No Hostname',csc1-cpr1-eltsul.bkb.rnp.br,udesc-csc1.bkb.rnp.br,popsc-3214-sw92-rt12.bb.pop-sc.rnp.br,monipe-sc-atraso.rnp.br,,5177066261.0
1711119820,2024-03-22 12:03:40, gateway,'No Hostname',rj-lanrj.bkb.rnp.br,csp1-crj1-furnas.bkb.rnp.br,'No Hostname',csc1-cpr1-eltsul.bkb.rnp.br,udesc-csc1.bkb.rnp.br,popsc-3214-sw92-rt12.bb.pop-sc.rnp.br,monipe-sc-atraso.rnp.br,,9201056186.0
1711142430,2024-03-22 18:20:30, gateway,'No Hostname',rj-lanrj.bkb.rnp.br,csp1-crj1-furnas.bkb.rnp.br,'No Hostname',csc1-cpr1-eltsul.bkb.rnp.br,udesc-csc1.bkb.rnp.br,popsc-3214-sw92-rt12.bb.pop-sc.rnp.br,monipe-sc-atraso.rnp.br,,8037947893.0
1711183580,2024-03-23 05:46:20, gateway,'No Hostname',rj-lanrj.bkb.rnp.br,csp1-crj1-furnas.bkb.rnp.br,'No Hostname',csc1-cpr1-eltsul.bkb.rnp.br,udesc-csc1.bkb.rnp.br,popsc-3214-sw92-rt12.bb.pop-sc.rnp.br,monipe-sc-atraso.rnp.br,,9343529344.0
1711195821,2024-03-23 09:10:21, gateway,'No Hostname',rj-lanrj.bkb.rnp.br,csp1-crj1-furnas.bkb.rnp.br,'No Hostname',csc1-cpr1-eltsul.bkb.rnp.br,udesc-csc1.bkb.rnp.br,popsc-3214-sw92-rt12.bb.pop-sc.rnp.br,monipe-sc-atraso.rnp.br,,9080510203.0
1711206869,2024-03-23 12:14:29, gateway,'No Hostname',rj-lanrj.bkb.rnp.br,csp1-crj1-furnas.bkb.rnp.br,'No Hostname',csc1-cpr1-eltsul.bkb.rnp.br,udesc-csc1.bkb.rnp.br,popsc-3214-sw92-rt12.bb.pop-sc.rnp.br,monipe-sc-atraso.rnp.br,,9216808348.0
1711215011,2024-03-23 14:30:11, gateway,'No Hostname',rj-lanrj.bkb.rnp.br,csp1-crj1-furnas.bkb.rnp.br,'No Hostname',csc1-cpr1-eltsul.bkb.rnp.br,udesc-csc1.bkb.rnp.br,popsc-3214-sw92-rt12.bb.pop-sc.rnp.br,monipe-sc-atraso.rnp.br,,6231881764.0
1711236087,2024-03-23 20:21:27, gateway,'No Hostname',rj-lanrj.bkb.rnp.br,csp1-crj1-furnas.bkb.rnp.br,'No Hostname',csc1-cpr1-eltsul.bkb.rnp.br,udesc-csc1.bkb.rnp.br,popsc-3214-sw92-rt12.bb.pop-sc.rnp.br,monipe-sc-atraso.rnp.br,,9546568137.0
1711271850,2024-03-24 06:17:30, gateway,'No Hostname',rj-lanrj.bkb.rnp.br,csp1-crj1-furnas.bkb.rnp.br,'No Hostname',csc1-cpr1-eltsul.bkb.rnp.br,udesc-csc1.bkb.rnp.br,popsc-3214-sw92-rt12.bb.pop-sc.rnp.br,monipe-sc-atraso.rnp.br,,5172848055.0
1711294377,2024-03-24 12:32:57, gateway,'No Hostname',rj-lanrj.bkb.rnp.br,csp1-crj1-furnas.bkb.rnp.br,'No Hostname',csc1-cpr1-eltsul.bkb.rnp.br,udesc-csc1.bkb.rnp.br,popsc-3214-sw92-rt12.bb.pop-sc.rnp.br,monipe-sc-atraso.rnp.br,,9741243138.0
1711303878,2024-03-24 15:11:18, gateway,'No Hostname',rj-lanrj.bkb.rnp.br,csp1-crj1-furnas.bkb.rnp.br,'No Hostname',csc1-cpr1-eltsul.bkb.rnp.br,udesc-csc1.bkb.rnp.br,popsc-3214-sw92-rt12.bb.pop-sc.rnp.br,monipe-sc-atraso.rnp.br,,9343693951.0
1711323968,2024-03-24 20:46:08, gateway,'No Hostname',rj-lanrj.bkb.rnp.br,csp1-crj1-furnas.bkb.rnp.br,'No Hostname',csc1-cpr1-eltsul.bkb.rnp.br,udesc-csc1.bkb.rnp.br,popsc-3214-sw92-rt12.bb.pop-sc.rnp.br,monipe-sc-atraso.rnp.br,,9596875406.0
1711329623,2024-03-24 22:20:23, gateway,'No Hostname',rj-lanrj.bkb.rnp.br,csp1-crj1-furnas.bkb.rnp.br,'No Hostname',csc1-cpr1-eltsul.bkb.rnp.br,udesc-csc1.bkb.rnp.br,popsc-3214-sw92-rt12.bb.pop-sc.rnp.br,monipe-sc-atraso.rnp.br,,5211716100.0
1711361661,2024-03-25 07:14:21, gateway,'No Hostname',rj-lanrj.bkb.rnp.br,csp1-crj1-furnas.bkb.rnp.br,'No Hostname',csc1-cpr1-eltsul.bkb.rnp.br,udesc-csc1.bkb.rnp.br,popsc-3214-sw92-rt12.bb.pop-sc.rnp.br,monipe-sc-atraso.rnp.br,,9211519390.0
1711447697,2024-03-26 07:08:17, gateway,'No Hostname',rj-lanrj.bkb.rnp.br,csp1-crj1-furnas.bkb.rnp.br,'No Hostname',csc1-cpr1-eltsul.bkb.rnp.br,udesc-csc1.bkb.rnp.br,popsc-3214-sw92-rt12.bb.pop-sc.rnp.br,monipe-sc-atraso.rnp.br,,8585591587.0
1711469610,2024-03-26 13:13:30, gateway,'No Hostname',rj-lanrj.bkb.rnp.br,csp1-crj1-furnas.bkb.rnp.br,'No Hostname',csc1-cpr1-eltsul.bkb.rnp.br,udesc-csc1.bkb.rnp.br,popsc-3214-sw92-rt12.bb.pop-sc.rnp.br,monipe-sc-atraso.rnp.br,,8517040625.0
1711491094,2024-03-26 19:11:34, gateway,'No Hostname',rj-lanrj.bkb.rnp.br,csp1-crj1-furnas.bkb.rnp.br,'No Hostname',csc1-cpr1-eltsul.bkb.rnp.br,udesc-csc1.bkb.rnp.br,popsc-3214-sw92-rt12.bb.pop-sc.rnp.br,monipe-sc-atraso.rnp.br,,7774757615.0
1711527626,2024-03-27 05:20:26, gateway,'No Hostname',rj-lanrj.bkb.rnp.br,csp1-crj1-furnas.bkb.rnp.br,'No Hostname',csc1-cpr1-eltsul.bkb.rnp.br,udesc-csc1.bkb.rnp.br,popsc-3214-sw92-rt12.bb.pop-sc.rnp.br,monipe-sc-atraso.rnp.br,,4583242126.0
1711547464,2024-03-27 10:51:04, gateway,'No Hostname',rj-lanrj.bkb.rnp.br,csp1-crj1-furnas.bkb.rnp.br,'No Hostname',csc1-cpr1-eltsul.bkb.rnp.br,udesc-csc1.bkb.rnp.br,popsc-3214-sw92-rt12.bb.pop-sc.rnp.br,monipe-sc-atraso.rnp.br,,8515339479.0
1711560931,2024-03-27 14:35:31, gateway,'No Hostname',rj-lanrj.bkb.rnp.br,csp1-crj1-furnas.bkb.rnp.br,'No Hostname',csc1-cpr1-eltsul.bkb.rnp.br,udesc-csc1.bkb.rnp.br,popsc-3214-sw92-rt12.bb.pop-sc.rnp.br,monipe-sc-atraso.rnp.br,,8421808063.0
1711575339,2024-03-27 18:35:39, gateway,'No Hostname',rj-lanrj.bkb.rnp.br,csp1-crj1-furnas.bkb.rnp.br,'No Hostname',csc1-cpr1-eltsul.bkb.rnp.br,udesc-csc1.bkb.rnp.br,popsc-3214-sw92-rt12.bb.pop-sc.rnp.br,monipe-sc-atraso.rnp.br,,8658197755.0
1711593448,2024-03-27 23:37:28, gateway,'No Hostname',rj-lanrj.bkb.rnp.br,crj2-crj1.bkb.rnp.br,csp2-crj2-infobarra.bkb.rnp.br,cpr1-csp2-tlb.bkb.rnp.br,csc1-cpr1-eltsul.bkb.rnp.br,udesc-csc1.bkb.rnp.br,popsc-3214-sw92-rt12.bb.pop-sc.rnp.br,monipe-sc-atraso.rnp.br,9451409689.0
1711616266,2024-03-28 05:57:46, gateway,'No Hostname',rj-lanrj.bkb.rnp.br,csp1-crj1-furnas.bkb.rnp.br,'No Hostname',csc1-cpr1-eltsul.bkb.rnp.br,udesc-csc1.bkb.rnp.br,popsc-3214-sw92-rt12.bb.pop-sc.rnp.br,monipe-sc-atraso.rnp.br,,7788068027.0
1711673865,2024-03-28 21:57:45, gateway,'No Hostname',rj-lanrj.bkb.rnp.br,csp1-crj1-furnas.bkb.rnp.br,'No Hostname',csc1-cpr1-eltsul.bkb.rnp.br,udesc-csc1.bkb.rnp.br,popsc-3214-sw92-rt12.bb.pop-sc.rnp.br,monipe-sc-atraso.rnp.br,,9581577496.0
1711675696,2024-03-28 22:28:16, gateway,'No Hostname',rj-lanrj.bkb.rnp.br,csp1-crj1-furnas.bkb.rnp.br,'No Hostname',csc1-cpr1-eltsul.bkb.rnp.br,udesc-csc1.bkb.rnp.br,popsc-3214-sw92-rt12.bb.pop-sc.rnp.br,monipe-sc-atraso.rnp.br,,9650638533.0
1711712218,2024-03-29 08:36:58, gateway,'No Hostname',rj-lanrj.bkb.rnp.br,csp1-crj1-furnas.bkb.rnp.br,'No Hostname',csc1-cpr1-eltsul.bkb.rnp.br,udesc-csc1.bkb.rnp.br,popsc-3214-sw92-rt12.bb.pop-sc.rnp.br,monipe-sc-atraso.rnp.br,,9795827359.0
1711726681,2024-03-29 12:38:01, gateway,'No Hostname',rj-lanrj.bkb.rnp.br,csp1-crj1-furnas.bkb.rnp.br,'No Hostname',csc1-cpr1-eltsul.bkb.rnp.br,udesc-csc1.bkb.rnp.br,popsc-3214-sw92-rt12.bb.pop-sc.rnp.br,monipe-sc-atraso.rnp.br,,9550708110.0
1711733025,2024-03-29 14:23:45, gateway,'No Hostname',rj-lanrj.bkb.rnp.br,csp1-crj1-furnas.bkb.rnp.br,'No Hostname',csc1-cpr1-eltsul.bkb.rnp.br,udesc-csc1.bkb.rnp.br,popsc-3214-sw92-rt12.bb.pop-sc.rnp.br,monipe-sc-atraso.rnp.br,,9210604687.0
1711764867,2024-03-29 23:14:27, gateway,'No Hostname',rj-lanrj.bkb.rnp.br,csp1-crj1-furnas.bkb.rnp.br,'No Hostname',csc1-cpr1-eltsul.bkb.rnp.br,udesc-csc1.bkb.rnp.br,popsc-3214-sw92-rt12.bb.pop-sc.rnp.br,monipe-sc-atraso.rnp.br,,7490764050.0
1711789151,2024-03-30 05:59:11, gateway,'No Hostname',rj-lanrj.bkb.rnp.br,csp1-crj1-furnas.bkb.rnp.br,'No Hostname',csc1-cpr1-eltsul.bkb.rnp.br,udesc-csc1.bkb.rnp.br,popsc-3214-sw92-rt12.bb.pop-sc.rnp.br,monipe-sc-atraso.rnp.br,,8045013779.0
1711808136,2024-03-30 11:15:36, gateway,'No Hostname',rj-lanrj.bkb.rnp.br,csp1-crj1-furnas.bkb.rnp.br,'No Hostname',csc1-cpr1-eltsul.bkb.rnp.br,udesc-csc1.bkb.rnp.br,popsc-3214-sw92-rt12.bb.pop-sc.rnp.br,monipe-sc-atraso.rnp.br,,9030093728.0
1711819836,2024-03-30 14:30:36, gateway,'No Hostname',rj-lanrj.bkb.rnp.br,csp1-crj1-furnas.bkb.rnp.br,'No Hostname',csc1-cpr1-eltsul.bkb.rnp.br,udesc-csc1.bkb.rnp.br,popsc-3214-sw92-rt12.bb.pop-sc.rnp.br,monipe-sc-atraso.rnp.br,,6342052011.0
1711833999,2024-03-30 18:26:39, gateway,'No Hostname',rj-lanrj.bkb.rnp.br,csp1-crj1-furnas.bkb.rnp.br,'No Hostname',csc1-cpr1-eltsul.bkb.rnp.br,udesc-csc1.bkb.rnp.br,popsc-3214-sw92-rt12.bb.pop-sc.rnp.br,monipe-sc-atraso.rnp.br,,6244749432.0
1711848815,2024-03-30 22:33:35, gateway,'No Hostname',rj-lanrj.bkb.rnp.br,csp1-crj1-furnas.bkb.rnp.br,'No Hostname',csc1-cpr1-eltsul.bkb.rnp.br,udesc-csc1.bkb.rnp.br,popsc-3214-sw92-rt12.bb.pop-sc.rnp.br,monipe-sc-atraso.rnp.br,,5193687914.0
1711917255,2024-03-31 17:34:15, gateway,'No Hostname',rj-lanrj.bkb.rnp.br,csp1-crj1-furnas.bkb.rnp.br,'No Hostname',csc1-cpr1-eltsul.bkb.rnp.br,udesc-csc1.bkb.rnp.br,popsc-3214-sw92-rt12.bb.pop-sc.rnp.br,monipe-sc-atraso.rnp.br,,9680646204.0
1711929815,2024-03-31 21:03:35, gateway,'No Hostname',rj-lanrj.bkb.rnp.br,csp1-crj1-furnas.bkb.rnp.br,'No Hostname',csc1-cpr1-eltsul.bkb.rnp.br,udesc-csc1.bkb.rnp.br,popsc-3214-sw92-rt12.bb.pop-sc.rnp.br,monipe-sc-atraso.rnp.br,,8873476641.0
1711968813,2024-04-01 07:53:33, gateway,'No Hostname',rj-lanrj.bkb.rnp.br,csp1-crj1-furnas.bkb.rnp.br,'No Hostname',csc1-cpr1-eltsul.bkb.rnp.br,udesc-csc1.bkb.rnp.br,popsc-3214-sw92-rt12.bb.pop-sc.rnp.br,monipe-sc-atraso.rnp.br,,9027085475.0
1711988631,2024-04-01 13:23:51, gateway,'No Hostname',rj-lanrj.bkb.rnp.br,csp1-crj1-furnas.bkb.rnp.br,'No Hostname',csc1-cpr1-eltsul.bkb.rnp.br,udesc-csc1.bkb.rnp.br,popsc-3214-sw92-rt12.bb.pop-sc.rnp.br,monipe-sc-atraso.rnp.br,,8873442846.0
1712008102,2024-04-01 18:48:22, gateway,'No Hostname',rj-lanrj.bkb.rnp.br,crj2-crj1.bkb.rnp.br,csp2-crj2-infobarra.bkb.rnp.br,cpr1-csp2-tlb.bkb.rnp.br,csc1-cpr1-eltsul.bkb.rnp.br,udesc-csc1.bkb.rnp.br,popsc-3214-sw92-rt12.bb.pop-sc.rnp.br,monipe-sc-atraso.rnp.br,8711312765.0
1712067868,2024-04-02 11:24:28, gateway,'No Hostname',rj-lanrj.bkb.rnp.br,csp1-crj1-furnas.bkb.rnp.br,'No Hostname',csc1-cpr1-eltsul.bkb.rnp.br,udesc-csc1.bkb.rnp.br,popsc-3214-sw92-rt12.bb.pop-sc.rnp.br,monipe-sc-atraso.rnp.br,,9411642980.0
1712091945,2024-04-02 18:05:45, gateway,'No Hostname',rj-lanrj.bkb.rnp.br,csp1-crj1-furnas.bkb.rnp.br,csp2-csp1-100g-via-sp2.bkb.rnp.br,crs2-csp2-100g-clara.bkb.rnp.br,csc1-crs2-eltsul.bkb.rnp.br,udesc-csc1.bkb.rnp.br,popsc-3214-sw92-rt12.bb.pop-sc.rnp.br,monipe-sc-atraso.rnp.br,9324477719.0
1712158847,2024-04-03 12:40:47, gateway,'No Hostname',rj-lanrj.bkb.rnp.br,crj2-crj1.bkb.rnp.br,csp2-crj2-infobarra.bkb.rnp.br,crs2-csp2-100g-clara.bkb.rnp.br,csc1-crs2-eltsul.bkb.rnp.br,udesc-csc1.bkb.rnp.br,popsc-3214-sw92-rt12.bb.pop-sc.rnp.br,monipe-sc-atraso.rnp.br,9315002074.0
1712180823,2024-04-03 18:47:03, gateway,'No Hostname',rj-lanrj.bkb.rnp.br,csp1-crj1-furnas.bkb.rnp.br,'No Hostname',csc1-cpr1-eltsul.bkb.rnp.br,udesc-csc1.bkb.rnp.br,popsc-3214-sw92-rt12.bb.pop-sc.rnp.br,monipe-sc-atraso.rnp.br,,8507833323.0
1712218695,2024-04-04 05:18:15, gateway,'No Hostname',rj-lanrj.bkb.rnp.br,csp1-crj1-furnas.bkb.rnp.br,'No Hostname',csc1-cpr1-eltsul.bkb.rnp.br,udesc-csc1.bkb.rnp.br,popsc-3214-sw92-rt12.bb.pop-sc.rnp.br,monipe-sc-atraso.rnp.br,,7724990128.0
1712248024,2024-04-04 13:27:04, gateway,'No Hostname',rj-lanrj.bkb.rnp.br,csp1-crj1-furnas.bkb.rnp.br,'No Hostname',csc1-cpr1-eltsul.bkb.rnp.br,udesc-csc1.bkb.rnp.br,popsc-3214-sw92-rt12.bb.pop-sc.rnp.br,monipe-sc-atraso.rnp.br,,8906982233.0
1712252421,2024-04-04 14:40:21, gateway,'No Hostname',rj-lanrj.bkb.rnp.br,csp1-crj1-furnas.bkb.rnp.br,'No Hostname',csc1-cpr1-eltsul.bkb.rnp.br,udesc-csc1.bkb.rnp.br,popsc-3214-sw92-rt12.bb.pop-sc.rnp.br,monipe-sc-atraso.rnp.br,,8907060047.0
1712324958,2024-04-05 10:49:18, gateway,'No Hostname',rj-lanrj.bkb.rnp.br,csp1-crj1-furnas.bkb.rnp.br,'No Hostname',csc1-cpr1-eltsul.bkb.rnp.br,udesc-csc1.bkb.rnp.br,popsc-3214-sw92-rt12.bb.pop-sc.rnp.br,monipe-sc-atraso.rnp.br,,8926991312.0
1712346179,2024-04-05 16:42:59, gateway,'No Hostname',rj-lanrj.bkb.rnp.br,csp1-crj1-furnas.bkb.rnp.br,'No Hostname',csc1-cpr1-eltsul.bkb.rnp.br,udesc-csc1.bkb.rnp.br,popsc-3214-sw92-rt12.bb.pop-sc.rnp.br,monipe-sc-atraso.rnp.br,,9047742016.0
1712384729,2024-04-06 03:25:29, gateway,'No Hostname',rj-lanrj.bkb.rnp.br,csp1-crj1-furnas.bkb.rnp.br,'No Hostname',csc1-cpr1-eltsul.bkb.rnp.br,ufsc-csc1.bkb.rnp.br,popsc-3212-sw92-rt11.bb.pop-sc.rnp.br,monipe-sc-atraso.rnp.br,,3286554879.0
1712420867,2024-04-06 13:27:47, gateway,'No Hostname',rj-lanrj.bkb.rnp.br,csp1-crj1-furnas.bkb.rnp.br,'No Hostname',csc1-cpr1-eltsul.bkb.rnp.br,ufsc-csc1.bkb.rnp.br,popsc-3212-sw92-rt11.bb.pop-sc.rnp.br,monipe-sc-atraso.rnp.br,,8878794595.0
1712450136,2024-04-06 21:35:36, gateway,'No Hostname',rj-lanrj.bkb.rnp.br,csp1-crj1-furnas.bkb.rnp.br,'No Hostname',csc1-cpr1-eltsul.bkb.rnp.br,ufsc-csc1.bkb.rnp.br,popsc-3212-sw92-rt11.bb.pop-sc.rnp.br,monipe-sc-atraso.rnp.br,,8701631427.0
1712487554,2024-04-07 07:59:14, gateway,'No Hostname',rj-lanrj.bkb.rnp.br,csp1-crj1-furnas.bkb.rnp.br,'No Hostname',csc1-cpr1-eltsul.bkb.rnp.br,ufsc-csc1.bkb.rnp.br,popsc-3212-sw92-rt11.bb.pop-sc.rnp.br,monipe-sc-atraso.rnp.br,,8956329885.0
1712508890,2024-04-07 13:54:50, gateway,'No Hostname',rj-lanrj.bkb.rnp.br,csp1-crj1-furnas.bkb.rnp.br,'No Hostname',csc1-cpr1-eltsul.bkb.rnp.br,ufsc-csc1.bkb.rnp.br,popsc-3212-sw92-rt11.bb.pop-sc.rnp.br,monipe-sc-atraso.rnp.br,,9113366844.0
1712538395,2024-04-07 22:06:35, gateway,'No Hostname',rj-lanrj.bkb.rnp.br,csp1-crj1-furnas.bkb.rnp.br,'No Hostname',csc1-cpr1-eltsul.bkb.rnp.br,ufsc-csc1.bkb.rnp.br,popsc-3212-sw92-rt11.bb.pop-sc.rnp.br,monipe-sc-atraso.rnp.br,,5592108516.0
1712560293,2024-04-08 04:11:33, gateway,'No Hostname',rj-lanrj.bkb.rnp.br,csp1-crj1-furnas.bkb.rnp.br,'No Hostname',csc1-cpr1-eltsul.bkb.rnp.br,ufsc-csc1.bkb.rnp.br,popsc-3212-sw92-rt11.bb.pop-sc.rnp.br,monipe-sc-atraso.rnp.br,,3105542603.0
1712560293,2024-04-08 04:11:33, gateway,'No Hostname',rj-lanrj.bkb.rnp.br,csp1-crj1-furnas.bkb.rnp.br,'No Hostname',csc1-cpr1-eltsul.bkb.rnp.br,ufsc-csc1.bkb.rnp.br,popsc-3212-sw92-rt11.bb.pop-sc.rnp.br,monipe-sc-atraso.rnp.br,,3273293723.0
1712576145,2024-04-08 08:35:45, gateway,'No Hostname',rj-lanrj.bkb.rnp.br,csp1-crj1-furnas.bkb.rnp.br,'No Hostname',csc1-cpr1-eltsul.bkb.rnp.br,ufsc-csc1.bkb.rnp.br,popsc-3212-sw92-rt11.bb.pop-sc.rnp.br,monipe-sc-atraso.rnp.br,,2145231462.0
1712586557,2024-04-08 11:29:17, gateway,'No Hostname',rj-lanrj.bkb.rnp.br,csp1-crj1-furnas.bkb.rnp.br,'No Hostname',csc1-cpr1-eltsul.bkb.rnp.br,ufsc-csc1.bkb.rnp.br,popsc-3212-sw92-rt11.bb.pop-sc.rnp.br,monipe-sc-atraso.rnp.br,,4534838307.0
1712610922,2024-04-08 18:15:22, gateway,'No Hostname',rj-lanrj.bkb.rnp.br,csp1-crj1-furnas.bkb.rnp.br,'No Hostname',csc1-cpr1-eltsul.bkb.rnp.br,ufsc-csc1.bkb.rnp.br,popsc-3212-sw92-rt11.bb.pop-sc.rnp.br,monipe-sc-atraso.rnp.br,,7465644143.0
1712618137,2024-04-08 20:15:37, gateway,'No Hostname',rj-lanrj.bkb.rnp.br,csp1-crj1-furnas.bkb.rnp.br,'No Hostname',csc1-cpr1-eltsul.bkb.rnp.br,ufsc-csc1.bkb.rnp.br,popsc-3212-sw92-rt11.bb.pop-sc.rnp.br,monipe-sc-atraso.rnp.br,,3022009847.0
1712629796,2024-04-08 23:29:56, gateway,'No Hostname',rj-lanrj.bkb.rnp.br,csp1-crj1-furnas.bkb.rnp.br,'No Hostname',csc1-cpr1-eltsul.bkb.rnp.br,ufsc-csc1.bkb.rnp.br,popsc-3212-sw92-rt11.bb.pop-sc.rnp.br,monipe-sc-atraso.rnp.br,,9125193442.0
1712672027,2024-04-09 11:13:47, gateway,'No Hostname',rj-lanrj.bkb.rnp.br,crj2-crj1.bkb.rnp.br,csp2-crj2-infobarra.bkb.rnp.br,cpr1-csp2-tlb.bkb.rnp.br,csc1-cpr1-eltsul.bkb.rnp.br,ufsc-csc1.bkb.rnp.br,popsc-3212-sw92-rt11.bb.pop-sc.rnp.br,monipe-sc-atraso.rnp.br,7475749506.0
1712689765,2024-04-09 16:09:25, gateway,'No Hostname',rj-lanrj.bkb.rnp.br,csp1-crj1-furnas.bkb.rnp.br,'No Hostname',csc1-cpr1-eltsul.bkb.rnp.br,ufsc-csc1.bkb.rnp.br,popsc-3212-sw92-rt11.bb.pop-sc.rnp.br,monipe-sc-atraso.rnp.br,,3827002518.0
1712715837,2024-04-09 23:23:57, gateway,'No Hostname',rj-lanrj.bkb.rnp.br,csp1-crj1-furnas.bkb.rnp.br,'No Hostname',csc1-cpr1-eltsul.bkb.rnp.br,ufsc-csc1.bkb.rnp.br,popsc-3212-sw92-rt11.bb.pop-sc.rnp.br,monipe-sc-atraso.rnp.br,,4320217516.0
1712761461,2024-04-10 12:04:21, gateway,'No Hostname',rj-lanrj.bkb.rnp.br,crj2-crj1.bkb.rnp.br,csp2-crj2-infobarra.bkb.rnp.br,cpr1-csp2-tlb.bkb.rnp.br,csc1-cpr1-eltsul.bkb.rnp.br,ufsc-csc1.bkb.rnp.br,popsc-3212-sw92-rt11.bb.pop-sc.rnp.br,monipe-sc-atraso.rnp.br,7659338710.0
1712796803,2024-04-10 21:53:23, gateway,'No Hostname',rj-lanrj.bkb.rnp.br,csp1-crj1-furnas.bkb.rnp.br,'No Hostname',csc1-cpr1-eltsul.bkb.rnp.br,ufsc-csc1.bkb.rnp.br,popsc-3212-sw92-rt11.bb.pop-sc.rnp.br,monipe-sc-atraso.rnp.br,,2733740066.0
1712855750,2024-04-11 14:15:50, gateway,'No Hostname',rj-lanrj.bkb.rnp.br,csp1-crj1-furnas.bkb.rnp.br,'No Hostname',csc1-cpr1-eltsul.bkb.rnp.br,ufsc-csc1.bkb.rnp.br,popsc-3212-sw92-rt11.bb.pop-sc.rnp.br,monipe-sc-atraso.rnp.br,,7208198796.0
1712885748,2024-04-11 22:35:48, gateway,'No Hostname',rj-lanrj.bkb.rnp.br,crj2-crj1.bkb.rnp.br,csp2-crj2-infobarra.bkb.rnp.br,cpr1-csp2-tlb.bkb.rnp.br,csc1-cpr1-eltsul.bkb.rnp.br,ufsc-csc1.bkb.rnp.br,popsc-3212-sw92-rt11.bb.pop-sc.rnp.br,monipe-sc-atraso.rnp.br,8902876161.0
1712940671,2024-04-12 13:51:11, gateway,'No Hostname',rj-lanrj.bkb.rnp.br,csp1-crj1-furnas.bkb.rnp.br,'No Hostname',csc1-cpr1-eltsul.bkb.rnp.br,ufsc-csc1.bkb.rnp.br,popsc-3212-sw92-rt11.bb.pop-sc.rnp.br,monipe-sc-atraso.rnp.br,,7136643582.0
1712973494,2024-04-12 22:58:14, gateway,'No Hostname',rj-lanrj.bkb.rnp.br,csp1-crj1-furnas.bkb.rnp.br,'No Hostname',csc1-cpr1-eltsul.bkb.rnp.br,ufsc-csc1.bkb.rnp.br,popsc-3212-sw92-rt11.bb.pop-sc.rnp.br,monipe-sc-atraso.rnp.br,,8981393609.0
1713018772,2024-04-13 11:32:52, gateway,'No Hostname',rj-lanrj.bkb.rnp.br,csp1-crj1-furnas.bkb.rnp.br,'No Hostname',csc1-cpr1-eltsul.bkb.rnp.br,ufsc-csc1.bkb.rnp.br,popsc-3212-sw92-rt11.bb.pop-sc.rnp.br,monipe-sc-atraso.rnp.br,,8866207651.0
1713046158,2024-04-13 19:09:18, gateway,'No Hostname',rj-lanrj.bkb.rnp.br,csp1-crj1-furnas.bkb.rnp.br,'No Hostname',csc1-cpr1-eltsul.bkb.rnp.br,ufsc-csc1.bkb.rnp.br,popsc-3212-sw92-rt11.bb.pop-sc.rnp.br,monipe-sc-atraso.rnp.br,,8935483721.0
1713059170,2024-04-13 22:46:10, gateway,'No Hostname',rj-lanrj.bkb.rnp.br,csp1-crj1-furnas.bkb.rnp.br,'No Hostname',csc1-cpr1-eltsul.bkb.rnp.br,ufsc-csc1.bkb.rnp.br,popsc-3212-sw92-rt11.bb.pop-sc.rnp.br,monipe-sc-atraso.rnp.br,,8901749584.0
1713124615,2024-04-14 16:56:55, gateway,'No Hostname',rj-lanrj.bkb.rnp.br,csp1-crj1-furnas.bkb.rnp.br,'No Hostname',csc1-cpr1-eltsul.bkb.rnp.br,ufsc-csc1.bkb.rnp.br,popsc-3212-sw92-rt11.bb.pop-sc.rnp.br,monipe-sc-atraso.rnp.br,,9083090784.0
1713132846,2024-04-14 19:14:06, gateway,'No Hostname',rj-lanrj.bkb.rnp.br,csp1-crj1-furnas.bkb.rnp.br,'No Hostname',csc1-cpr1-eltsul.bkb.rnp.br,ufsc-csc1.bkb.rnp.br,popsc-3212-sw92-rt11.bb.pop-sc.rnp.br,monipe-sc-atraso.rnp.br,,8824635463.0
1713241698,2024-04-16 01:28:18, gateway,'No Hostname',rj-lanrj.bkb.rnp.br,csp1-crj1-furnas.bkb.rnp.br,'No Hostname',csc1-cpr1-eltsul.bkb.rnp.br,ufsc-csc1.bkb.rnp.br,popsc-3212-sw92-rt11.bb.pop-sc.rnp.br,monipe-sc-atraso.rnp.br,,9018216975.0
1713263734,2024-04-16 07:35:34, gateway,'No Hostname',rj-lanrj.bkb.rnp.br,csp1-crj1-furnas.bkb.rnp.br,'No Hostname',csc1-cpr1-eltsul.bkb.rnp.br,ufsc-csc1.bkb.rnp.br,popsc-3212-sw92-rt11.bb.pop-sc.rnp.br,monipe-sc-atraso.rnp.br,,8247404870.0
1713285549,2024-04-16 13:39:09, gateway,'No Hostname',rj-lanrj.bkb.rnp.br,csp1-crj1-furnas.bkb.rnp.br,'No Hostname',csc1-cpr1-eltsul.bkb.rnp.br,ufsc-csc1.bkb.rnp.br,popsc-3212-sw92-rt11.bb.pop-sc.rnp.br,monipe-sc-atraso.rnp.br,,7964260442.0
1713308668,2024-04-16 20:04:28, gateway,'No Hostname',rj-lanrj.bkb.rnp.br,csp1-crj1-furnas.bkb.rnp.br,'No Hostname',csc1-cpr1-eltsul.bkb.rnp.br,ufsc-csc1.bkb.rnp.br,popsc-3212-sw92-rt11.bb.pop-sc.rnp.br,monipe-sc-atraso.rnp.br,,7566719157.0
1713309407,2024-04-16 20:16:47, gateway,'No Hostname',rj-lanrj.bkb.rnp.br,csp1-crj1-furnas.bkb.rnp.br,'No Hostname',csc1-cpr1-eltsul.bkb.rnp.br,ufsc-csc1.bkb.rnp.br,popsc-3212-sw92-rt11.bb.pop-sc.rnp.br,monipe-sc-atraso.rnp.br,,7297171511.0
1713316999,2024-04-16 22:23:19, gateway,'No Hostname',rj-lanrj.bkb.rnp.br,csp1-crj1-furnas.bkb.rnp.br,'No Hostname',csc1-cpr1-eltsul.bkb.rnp.br,ufsc-csc1.bkb.rnp.br,popsc-3212-sw92-rt11.bb.pop-sc.rnp.br,monipe-sc-atraso.rnp.br,,8184417057.0
1713369295,2024-04-17 12:54:55, gateway,'No Hostname',rj-lanrj.bkb.rnp.br,csp1-crj1-furnas.bkb.rnp.br,'No Hostname',csc1-cpr1-eltsul.bkb.rnp.br,ufsc-csc1.bkb.rnp.br,popsc-3212-sw92-rt11.bb.pop-sc.rnp.br,monipe-sc-atraso.rnp.br,,6329841793.0
1713397756,2024-04-17 20:49:16, gateway,'No Hostname',rj-lanrj.bkb.rnp.br,csp1-crj1-furnas.bkb.rnp.br,'No Hostname',csc1-cpr1-eltsul.bkb.rnp.br,ufsc-csc1.bkb.rnp.br,popsc-3212-sw92-rt11.bb.pop-sc.rnp.br,monipe-sc-atraso.rnp.br,,6009777392.0
1713407840,2024-04-17 23:37:20, gateway,'No Hostname',rj-lanrj.bkb.rnp.br,csp1-crj1-furnas.bkb.rnp.br,'No Hostname',csc1-cpr1-eltsul.bkb.rnp.br,ufsc-csc1.bkb.rnp.br,popsc-3212-sw92-rt11.bb.pop-sc.rnp.br,monipe-sc-atraso.rnp.br,,6631328327.0
1713466642,2024-04-18 15:57:22, gateway,'No Hostname',rj-lanrj.bkb.rnp.br,csp1-crj1-furnas.bkb.rnp.br,'No Hostname',csc1-cpr1-eltsul.bkb.rnp.br,ufsc-csc1.bkb.rnp.br,popsc-3212-sw92-rt11.bb.pop-sc.rnp.br,monipe-sc-atraso.rnp.br,,7495181148.0
1713483375,2024-04-18 20:36:15, gateway,'No Hostname',rj-lanrj.bkb.rnp.br,csp1-crj1-furnas.bkb.rnp.br,'No Hostname',csc1-cpr1-eltsul.bkb.rnp.br,ufsc-csc1.bkb.rnp.br,popsc-3212-sw92-rt11.bb.pop-sc.rnp.br,monipe-sc-atraso.rnp.br,,6968544867.0
1713494468,2024-04-18 23:41:08, gateway,'No Hostname',rj-lanrj.bkb.rnp.br,csp1-crj1-furnas.bkb.rnp.br,'No Hostname',csc1-cpr1-eltsul.bkb.rnp.br,ufsc-csc1.bkb.rnp.br,popsc-3212-sw92-rt11.bb.pop-sc.rnp.br,monipe-sc-atraso.rnp.br,,8877034646.0
1713549859,2024-04-19 15:04:19, gateway,'No Hostname',rj-lanrj.bkb.rnp.br,csp1-crj1-furnas.bkb.rnp.br,'No Hostname',csc1-cpr1-eltsul.bkb.rnp.br,ufsc-csc1.bkb.rnp.br,popsc-3212-sw92-rt11.bb.pop-sc.rnp.br,monipe-sc-atraso.rnp.br,,7449877320.0
1713558450,2024-04-19 17:27:30, gateway,'No Hostname',rj-lanrj.bkb.rnp.br,csp1-crj1-furnas.bkb.rnp.br,'No Hostname',csc1-cpr1-eltsul.bkb.rnp.br,ufsc-csc1.bkb.rnp.br,popsc-3212-sw92-rt11.bb.pop-sc.rnp.br,monipe-sc-atraso.rnp.br,,8180050247.0
1713568426,2024-04-19 20:13:46, gateway,'No Hostname',rj-lanrj.bkb.rnp.br,csp1-crj1-furnas.bkb.rnp.br,'No Hostname',csc1-cpr1-eltsul.bkb.rnp.br,ufsc-csc1.bkb.rnp.br,popsc-3212-sw92-rt11.bb.pop-sc.rnp.br,monipe-sc-atraso.rnp.br,,7375693909.0
1713605126,2024-04-20 06:25:26, gateway,'No Hostname',rj-lanrj.bkb.rnp.br,csp1-crj1-furnas.bkb.rnp.br,'No Hostname',csc1-cpr1-eltsul.bkb.rnp.br,ufsc-csc1.bkb.rnp.br,popsc-3212-sw92-rt11.bb.pop-sc.rnp.br,monipe-sc-atraso.rnp.br,,4389974647.0
1713618522,2024-04-20 10:08:42, gateway,'No Hostname',rj-lanrj.bkb.rnp.br,csp1-crj1-furnas.bkb.rnp.br,'No Hostname',csc1-cpr1-eltsul.bkb.rnp.br,ufsc-csc1.bkb.rnp.br,popsc-3212-sw92-rt11.bb.pop-sc.rnp.br,monipe-sc-atraso.rnp.br,,7197939155.0
1713621046,2024-04-20 10:50:46, gateway,'No Hostname',rj-lanrj.bkb.rnp.br,csp1-crj1-furnas.bkb.rnp.br,'No Hostname',csc1-cpr1-eltsul.bkb.rnp.br,ufsc-csc1.bkb.rnp.br,popsc-3212-sw92-rt11.bb.pop-sc.rnp.br,monipe-sc-atraso.rnp.br,,9048979954.0
1713639197,2024-04-20 15:53:17, gateway,'No Hostname',rj-lanrj.bkb.rnp.br,csp1-crj1-furnas.bkb.rnp.br,'No Hostname',csc1-cpr1-eltsul.bkb.rnp.br,ufsc-csc1.bkb.rnp.br,popsc-3212-sw92-rt11.bb.pop-sc.rnp.br,monipe-sc-atraso.rnp.br,,8991251151.0
1713646544,2024-04-20 17:55:44, gateway,'No Hostname',rj-lanrj.bkb.rnp.br,csp1-crj1-furnas.bkb.rnp.br,'No Hostname',csc1-cpr1-eltsul.bkb.rnp.br,ufsc-csc1.bkb.rnp.br,popsc-3212-sw92-rt11.bb.pop-sc.rnp.br,monipe-sc-atraso.rnp.br,,9047249798.0
1713658172,2024-04-20 21:09:32, gateway,'No Hostname',rj-lanrj.bkb.rnp.br,csp1-crj1-furnas.bkb.rnp.br,'No Hostname',csc1-cpr1-eltsul.bkb.rnp.br,ufsc-csc1.bkb.rnp.br,popsc-3212-sw92-rt11.bb.pop-sc.rnp.br,monipe-sc-atraso.rnp.br,,9030287190.0
1713697073,2024-04-21 07:57:53, gateway,'No Hostname',rj-lanrj.bkb.rnp.br,csp1-crj1-furnas.bkb.rnp.br,'No Hostname',csc1-cpr1-eltsul.bkb.rnp.br,ufsc-csc1.bkb.rnp.br,popsc-3212-sw92-rt11.bb.pop-sc.rnp.br,monipe-sc-atraso.rnp.br,,9096099964.0
1713734203,2024-04-21 18:16:43, gateway,'No Hostname',rj-lanrj.bkb.rnp.br,csp1-crj1-furnas.bkb.rnp.br,'No Hostname',csc1-cpr1-eltsul.bkb.rnp.br,ufsc-csc1.bkb.rnp.br,popsc-3212-sw92-rt11.bb.pop-sc.rnp.br,monipe-sc-atraso.rnp.br,,9224184695.0
1713746491,2024-04-21 21:41:31, gateway,'No Hostname',rj-lanrj.bkb.rnp.br,csp1-crj1-furnas.bkb.rnp.br,'No Hostname',csc1-cpr1-eltsul.bkb.rnp.br,ufsc-csc1.bkb.rnp.br,popsc-3212-sw92-rt11.bb.pop-sc.rnp.br,monipe-sc-atraso.rnp.br,,8941998454.0
1713765793,2024-04-22 03:03:13, gateway,'No Hostname',rj-lanrj.bkb.rnp.br,csp1-crj1-furnas.bkb.rnp.br,'No Hostname',csc1-cpr1-eltsul.bkb.rnp.br,ufsc-csc1.bkb.rnp.br,popsc-3212-sw92-rt11.bb.pop-sc.rnp.br,monipe-sc-atraso.rnp.br,,3964520122.0
1713782805,2024-04-22 07:46:45, gateway,'No Hostname',rj-lanrj.bkb.rnp.br,csp1-crj1-furnas.bkb.rnp.br,'No Hostname',csc1-cpr1-eltsul.bkb.rnp.br,ufsc-csc1.bkb.rnp.br,popsc-3212-sw92-rt11.bb.pop-sc.rnp.br,monipe-sc-atraso.rnp.br,,8155766397.0
1713806461,2024-04-22 14:21:01, gateway,'No Hostname',rj-lanrj.bkb.rnp.br,csp1-crj1-furnas.bkb.rnp.br,'No Hostname',csc1-cpr1-eltsul.bkb.rnp.br,ufsc-csc1.bkb.rnp.br,popsc-3212-sw92-rt11.bb.pop-sc.rnp.br,monipe-sc-atraso.rnp.br,,7457624578.0
1713811835,2024-04-22 15:50:35, gateway,'No Hostname',rj-lanrj.bkb.rnp.br,csp1-crj1-furnas.bkb.rnp.br,'No Hostname',csc1-cpr1-eltsul.bkb.rnp.br,ufsc-csc1.bkb.rnp.br,popsc-3212-sw92-rt11.bb.pop-sc.rnp.br,monipe-sc-atraso.rnp.br,,7686044622.0
1713829568,2024-04-22 20:46:08, gateway,'No Hostname',rj-lanrj.bkb.rnp.br,csp1-crj1-furnas.bkb.rnp.br,'No Hostname',csc1-cpr1-eltsul.bkb.rnp.br,ufsc-csc1.bkb.rnp.br,popsc-3212-sw92-rt11.bb.pop-sc.rnp.br,monipe-sc-atraso.rnp.br,,6537495859.0
1713866348,2024-04-23 06:59:08, gateway,'No Hostname',rj-lanrj.bkb.rnp.br,csp1-crj1-furnas.bkb.rnp.br,'No Hostname',csc1-cpr1-eltsul.bkb.rnp.br,ufsc-csc1.bkb.rnp.br,popsc-3212-sw92-rt11.bb.pop-sc.rnp.br,monipe-sc-atraso.rnp.br,,8587176521.0
1713866666,2024-04-23 07:04:26, gateway,'No Hostname',rj-lanrj.bkb.rnp.br,csp1-crj1-furnas.bkb.rnp.br,'No Hostname',csc1-cpr1-eltsul.bkb.rnp.br,ufsc-csc1.bkb.rnp.br,popsc-3212-sw92-rt11.bb.pop-sc.rnp.br,monipe-sc-atraso.rnp.br,,8831532242.0
1713874769,2024-04-23 09:19:29, gateway,'No Hostname',rj-lanrj.bkb.rnp.br,csp1-crj1-furnas.bkb.rnp.br,'No Hostname',csc1-cpr1-eltsul.bkb.rnp.br,ufsc-csc1.bkb.rnp.br,popsc-3212-sw92-rt11.bb.pop-sc.rnp.br,monipe-sc-atraso.rnp.br,,7471460541.0
1713905280,2024-04-23 17:48:00, gateway,'No Hostname',rj-lanrj.bkb.rnp.br,csp1-crj1-furnas.bkb.rnp.br,'No Hostname',csc1-cpr1-eltsul.bkb.rnp.br,ufsc-csc1.bkb.rnp.br,popsc-3212-sw92-rt11.bb.pop-sc.rnp.br,monipe-sc-atraso.rnp.br,,7774010443.0
1713922144,2024-04-23 22:29:04, gateway,'No Hostname',rj-lanrj.bkb.rnp.br,csp1-crj1-furnas.bkb.rnp.br,'No Hostname',csc1-cpr1-eltsul.bkb.rnp.br,ufsc-csc1.bkb.rnp.br,popsc-3212-sw92-rt11.bb.pop-sc.rnp.br,monipe-sc-atraso.rnp.br,,8931595932.0
1713923215,2024-04-23 22:46:55, gateway,'No Hostname',rj-lanrj.bkb.rnp.br,csp1-crj1-furnas.bkb.rnp.br,'No Hostname',csc1-cpr1-eltsul.bkb.rnp.br,ufsc-csc1.bkb.rnp.br,popsc-3212-sw92-rt11.bb.pop-sc.rnp.br,monipe-sc-atraso.rnp.br,,9060490320.0
1713987372,2024-04-24 16:36:12, gateway,'No Hostname',rj-lanrj.bkb.rnp.br,csp1-crj1-furnas.bkb.rnp.br,'No Hostname',csc1-cpr1-eltsul.bkb.rnp.br,ufsc-csc1.bkb.rnp.br,popsc-3212-sw92-rt11.bb.pop-sc.rnp.br,monipe-sc-atraso.rnp.br,,7809218112.0
1714008170,2024-04-24 22:22:50, gateway,'No Hostname',rj-lanrj.bkb.rnp.br,csp1-crj1-furnas.bkb.rnp.br,'No Hostname',csc1-cpr1-eltsul.bkb.rnp.br,ufsc-csc1.bkb.rnp.br,popsc-3212-sw92-rt11.bb.pop-sc.rnp.br,monipe-sc-atraso.rnp.br,,8997595954.0
1714044996,2024-04-25 08:36:36, gateway,'No Hostname',rj-lanrj.bkb.rnp.br,csp1-crj1-furnas.bkb.rnp.br,'No Hostname',csc1-cpr1-eltsul.bkb.rnp.br,ufsc-csc1.bkb.rnp.br,popsc-3212-sw92-rt11.bb.pop-sc.rnp.br,monipe-sc-atraso.rnp.br,,7298859068.0
1714066456,2024-04-25 14:34:16, gateway,'No Hostname',rj-lanrj.bkb.rnp.br,crj2-crj1.bkb.rnp.br,csp2-crj2-infobarra.bkb.rnp.br,cpr1-csp2-tlb.bkb.rnp.br,csc1-cpr1-eltsul.bkb.rnp.br,ufsc-csc1.bkb.rnp.br,popsc-3212-sw92-rt11.bb.pop-sc.rnp.br,monipe-sc-atraso.rnp.br,7242008973.0
1714086829,2024-04-25 20:13:49, gateway,'No Hostname',rj-lanrj.bkb.rnp.br,crj2-crj1.bkb.rnp.br,csp2-crj2-infobarra.bkb.rnp.br,cpr1-csp2-tlb.bkb.rnp.br,csc1-cpr1-eltsul.bkb.rnp.br,ufsc-csc1.bkb.rnp.br,popsc-3212-sw92-rt11.bb.pop-sc.rnp.br,monipe-sc-atraso.rnp.br,6061198711.0
1714106772,2024-04-26 01:46:12, gateway,'No Hostname',rj-lanrj.bkb.rnp.br,crj2-crj1.bkb.rnp.br,csp2-crj2-infobarra.bkb.rnp.br,cpr1-csp2-tlb.bkb.rnp.br,csc1-cpr1-eltsul.bkb.rnp.br,ufsc-csc1.bkb.rnp.br,popsc-3212-sw92-rt11.bb.pop-sc.rnp.br,monipe-sc-atraso.rnp.br,8820523069.0
